Municipality,Province,Region, Covid-19 cases ," Case per 10,000 population "
Danglas,Abra,Cordillera Administrative Region, 132 , 324.0 
Dolores,Abra,Cordillera Administrative Region, 419 , 364.0 
Luba,Abra,Cordillera Administrative Region, 240 , 368.2 
La Paz,Abra,Cordillera Administrative Region, 313 , 189.8 
Bangued ,Abra,Cordillera Administrative Region," 1,231 ", 244.3 
Bucloc,Abra,Cordillera Administrative Region, 120 , 501.0 
San Juan,Abra,Cordillera Administrative Region, 273 , 255.4 
Peñarrubia,Abra,Cordillera Administrative Region, 148 , 212.9 
Tubo,Abra,Cordillera Administrative Region, 204 , 359.5 
Sallapadan,Abra,Cordillera Administrative Region, 398 , 622.9 
San Isidro,Abra,Cordillera Administrative Region, 136 , 286.6 
Pilar,Abra,Cordillera Administrative Region, 132 , 130.1 
Manabo,Abra,Cordillera Administrative Region, 184 , 158.5 
San Quintin,Abra,Cordillera Administrative Region, 149 , 261.2 
Licuan-Baay ,Abra,Cordillera Administrative Region, 60 , 131.4 
Tineg,Abra,Cordillera Administrative Region, 38 , 76.4 
Malibcong,Abra,Cordillera Administrative Region, 117 , 290.5 
Pidigan,Abra,Cordillera Administrative Region, 326 , 261.3 
Daguioman,Abra,Cordillera Administrative Region, 92 , 455.7 
Bucay,Abra,Cordillera Administrative Region, 350 , 195.0 
Villaviciosa,Abra,Cordillera Administrative Region, 267 , 470.5 
Tayum,Abra,Cordillera Administrative Region, 211 , 141.9 
Boliney,Abra,Cordillera Administrative Region, 199 , 437.3 
Lagayan,Abra,Cordillera Administrative Region, 272 , 606.1 
Lagangilang,Abra,Cordillera Administrative Region, 314 , 210.5 
Langiden,Abra,Cordillera Administrative Region, 33 , 92.3 
Lacub,Abra,Cordillera Administrative Region, 43 , 119.0 
Buenavista,Agusan Del Norte,Region XIII," 1,563 ", 226.9 
Nasipit,Agusan Del Norte,Region XIII," 1,189 ", 265.3 
Butuan City ,Agusan Del Norte,Region XIII," 16,224 ", 435.1 
Tubay,Agusan Del Norte,Region XIII, 442 , 171.4 
City of Cabadbaran,Agusan Del Norte,Region XIII," 1,844 ", 229.5 
Magallanes,Agusan Del Norte,Region XIII, 302 , 135.5 
Jabonga,Agusan Del Norte,Region XIII, 173 , 69.6 
Santiago,Agusan Del Norte,Region XIII, 403 , 140.6 
Las Nieves,Agusan Del Norte,Region XIII, 471 , 155.8 
Carmen,Agusan Del Norte,Region XIII, 472 , 203.7 
Kitcharao,Agusan Del Norte,Region XIII, 345 , 162.1 
Remedios T. Romualdez,Agusan Del Norte,Region XIII, 363 , 211.6 
San Luis,Agusan Del Sur,Region XIII, 744 , 211.4 
Esperanza,Agusan Del Sur,Region XIII," 1,324 ", 223.1 
Talacogon,Agusan Del Sur,Region XIII, 832 , 209.7 
Veruela,Agusan Del Sur,Region XIII, 844 , 212.6 
City of Bayugan,Agusan Del Sur,Region XIII," 2,678 ", 244.6 
Trento,Agusan Del Sur,Region XIII," 1,085 ", 199.1 
San Francisco,Agusan Del Sur,Region XIII," 3,313 ", 410.2 
Prosperidad ,Agusan Del Sur,Region XIII," 2,795 ", 316.5 
La Paz,Agusan Del Sur,Region XIII, 243 , 78.5 
Rosario,Agusan Del Sur,Region XIII," 1,432 ", 288.7 
Sibagat,Agusan Del Sur,Region XIII, 456 , 134.3 
Santa Josefa,Agusan Del Sur,Region XIII, 824 , 311.7 
Loreto,Agusan Del Sur,Region XIII, 606 , 138.1 
Bunawan,Agusan Del Sur,Region XIII," 1,100 ", 231.5 
Tangalan,Aklan,Region VI, 653 , 275.5 
Malinao,Aklan,Region VI, 673 , 274.5 
Madalag,Aklan,Region VI, 359 , 190.0 
Lezo,Aklan,Region VI, 469 , 299.9 
Ibajay,Aklan,Region VI," 1,347 ", 257.2 
Banga,Aklan,Region VI," 1,403 ", 348.0 
New Washington,Aklan,Region VI," 1,092 ", 227.7 
Malay,Aklan,Region VI," 2,153 ", 358.4 
Batan,Aklan,Region VI, 641 , 191.4 
Libacao,Aklan,Region VI, 257 , 90.9 
Nabas,Aklan,Region VI, 847 , 208.5 
Balete,Aklan,Region VI, 375 , 124.6 
Buruanga,Aklan,Region VI, 220 , 113.7 
Makato,Aklan,Region VI, 906 , 304.9 
Kalibo ,Aklan,Region VI," 4,184 ", 469.4 
Numancia,Aklan,Region VI," 1,413 ", 395.9 
Altavas,Aklan,Region VI, 430 , 167.7 
Malilipot,Albay,Region V, 294 , 72.0 
City of Tabaco,Albay,Region V," 1,103 ", 78.2 
Libon,Albay,Region V, 334 , 44.5 
Tiwi,Albay,Region V, 485 , 85.9 
Bacacay,Albay,Region V, 441 , 60.8 
Pio Duran,Albay,Region V, 260 , 53.0 
Oas,Albay,Region V, 324 , 49.0 
Guinobatan,Albay,Region V," 1,011 ", 117.9 
Camalig,Albay,Region V, 762 , 105.8 
Jovellar,Albay,Region V, 42 , 23.6 
Legazpi City ,Albay,Region V," 4,662 ", 222.5 
Manito,Albay,Region V, 279 , 106.6 
Malinao,Albay,Region V, 294 , 62.0 
Daraga ,Albay,Region V," 2,330 ", 174.0 
Polangui,Albay,Region V, 601 , 67.4 
City of Ligao,Albay,Region V," 1,054 ", 89.2 
Santo Domingo ,Albay,Region V, 460 , 121.8 
Rapu-Rapu,Albay,Region V, 133 , 36.8 
Caluya,Antique,Region VI, 169 , 43.4 
Tibiao,Antique,Region VI, 604 , 210.4 
Laua-An,Antique,Region VI, 271 , 102.0 
Belison,Antique,Region VI, 525 , 371.6 
Sebaste,Antique,Region VI, 97 , 51.6 
Hamtic,Antique,Region VI," 1,020 ", 193.6 
Patnongon,Antique,Region VI, 336 , 87.7 
Sibalom,Antique,Region VI," 1,180 ", 184.9 
San Remigio,Antique,Region VI, 670 , 196.8 
San Jose ,Antique,Region VI," 2,759 ", 423.5 
Barbaza,Antique,Region VI, 201 , 86.0 
Pandan,Antique,Region VI, 396 , 110.1 
Culasi,Antique,Region VI, 705 , 158.4 
Anini-Y,Antique,Region VI, 332 , 150.8 
Valderrama,Antique,Region VI, 514 , 257.4 
Bugasong,Antique,Region VI, 757 , 218.3 
Libertad,Antique,Region VI, 141 , 80.5 
Tobias Fornier ,Antique,Region VI, 374 , 110.6 
Luna,Apayao,Cordillera Administrative Region," 2,370 "," 1,112.8 "
Flora,Apayao,Cordillera Administrative Region," 1,290 ", 718.9 
Pudtol,Apayao,Cordillera Administrative Region," 1,510 ", 974.8 
Kabugao ,Apayao,Cordillera Administrative Region, 683 , 421.2 
Calanasan ,Apayao,Cordillera Administrative Region, 795 , 633.5 
Santa Marcela,Apayao,Cordillera Administrative Region," 1,670 "," 1,254.0 "
Conner,Apayao,Cordillera Administrative Region," 1,314 ", 476.9 
San Luis,Aurora,Region III, 511 , 171.3 
Dingalan,Aurora,Region III, 479 , 171.8 
Dipaculao,Aurora,Region III, 516 , 155.7 
Baler ,Aurora,Region III," 1,191 ", 272.0 
Maria Aurora,Aurora,Region III, 907 , 201.7 
Dinalungan,Aurora,Region III, 241 , 192.7 
Dilasag,Aurora,Region III, 161 , 94.1 
Casiguran,Aurora,Region III, 476 , 179.2 
Hadji Muhtamad,Basilan,Autonomous Region in Muslim Mindanao, 6 , 2.2 
Tipo-Tipo,Basilan,Autonomous Region in Muslim Mindanao, 183 , 71.7 
Maluso,Basilan,Autonomous Region in Muslim Mindanao, 179 , 39.1 
Sumisip,Basilan,Autonomous Region in Muslim Mindanao, 108 , 22.8 
Lantawan,Basilan,Autonomous Region in Muslim Mindanao, 68 , 21.9 
City of Lamitan ,Basilan,Autonomous Region in Muslim Mindanao," 1,199 ", 119.7 
Akbar,Basilan,Autonomous Region in Muslim Mindanao, 34 , 14.7 
Al-Barka,Basilan,Autonomous Region in Muslim Mindanao, 30 , 12.6 
Tabuan-Lasa,Basilan,Autonomous Region in Muslim Mindanao, 5 , 1.7 
Ungkaya Pukan,Basilan,Autonomous Region in Muslim Mindanao, 34 , 14.2 
Tuburan,Basilan,Autonomous Region in Muslim Mindanao, 29 , 11.7 
Hadji Mohammad Ajul,Basilan,Autonomous Region in Muslim Mindanao, 28 , 11.4 
Hermosa,Bataan,Region III," 2,277 ", 294.0 
City of Balanga ,Bataan,Region III," 9,241 ", 887.1 
Samal,Bataan,Region III," 2,103 ", 549.1 
Orion,Bataan,Region III," 2,522 ", 415.0 
Bagac,Bataan,Region III," 1,192 ", 380.0 
Dinalupihan,Bataan,Region III," 6,059 ", 512.6 
Morong,Bataan,Region III," 1,711 ", 483.4 
Abucay,Bataan,Region III," 2,461 ", 572.5 
Orani,Bataan,Region III," 2,649 ", 376.6 
Mariveles,Bataan,Region III," 8,912 ", 594.6 
Limay,Bataan,Region III," 4,146 ", 529.7 
Pilar,Bataan,Region III," 1,900 ", 410.9 
Uyugan,Batanes,Region II, 40 , 289.9 
Ivana,Batanes,Region II, 57 , 405.1 
Basco ,Batanes,Region II, 247 , 259.5 
Itbayat,Batanes,Region II, 24 , 76.7 
Sabtang,Batanes,Region II, 13 , 76.7 
Mahatao,Batanes,Region II, 28 , 164.4 
Mabini,Batangas,Region IV-A," 1,434 ", 282.0 
Agoncillo,Batangas,Region IV-A, 648 , 165.7 
Batangas City ,Batangas,Region IV-A," 19,585 ", 557.3 
Mataasnakahoy,Batangas,Region IV-A," 1,504 ", 491.2 
City of Tanauan,Batangas,Region IV-A," 7,827 ", 403.6 
Calatagan,Batangas,Region IV-A," 1,204 ", 205.0 
San Pascual,Batangas,Region IV-A," 3,329 ", 482.4 
Calaca,Batangas,Region IV-A," 2,779 ", 318.1 
Lian,Batangas,Region IV-A, 996 , 177.0 
Nasugbu,Batangas,Region IV-A," 2,969 ", 217.5 
Taysan,Batangas,Region IV-A," 1,229 ", 306.1 
Taal,Batangas,Region IV-A," 1,159 ", 188.6 
Bauan,Batangas,Region IV-A," 3,580 ", 394.2 
Padre Garcia,Batangas,Region IV-A," 1,084 ", 209.1 
Talisay,Batangas,Region IV-A," 1,287 ", 278.3 
Tingloy,Batangas,Region IV-A, 122 , 63.5 
Tuy,Batangas,Region IV-A, 858 , 184.4 
Santa Teresita,Batangas,Region IV-A, 399 , 185.1 
Laurel,Batangas,Region IV-A, 473 , 109.5 
Malvar,Batangas,Region IV-A," 2,876 ", 446.7 
Lipa City,Batangas,Region IV-A," 17,473 ", 468.5 
Balayan,Batangas,Region IV-A," 1,915 ", 199.7 
Ibaan,Batangas,Region IV-A," 2,016 ", 344.6 
Balete,Batangas,Region IV-A, 409 , 170.0 
San Jose,Batangas,Region IV-A," 3,157 ", 395.3 
Alitagtag,Batangas,Region IV-A," 1,245 ", 464.2 
San Juan,Batangas,Region IV-A," 2,673 ", 234.3 
Lobo,Batangas,Region IV-A, 675 , 165.7 
Cuenca,Batangas,Region IV-A," 1,305 ", 360.1 
Santo Tomas,Batangas,Region IV-A," 10,026 ", 458.9 
San Luis,Batangas,Region IV-A, 928 , 256.6 
San Nicolas,Batangas,Region IV-A, 493 , 206.2 
Rosario,Batangas,Region IV-A," 3,131 ", 243.9 
Lemery,Batangas,Region IV-A," 2,162 ", 232.0 
Mankayan,Benguet,Cordillera Administrative Region," 2,250 ", 604.3 
Itogon,Benguet,Cordillera Administrative Region," 4,587 ", 745.9 
Tuba,Benguet,Cordillera Administrative Region," 2,826 ", 584.9 
Baguio City,Benguet,Cordillera Administrative Region," 47,465 "," 1,295.6 "
Bakun,Benguet,Cordillera Administrative Region, 379 , 260.7 
Buguias,Benguet,Cordillera Administrative Region," 1,300 ", 289.7 
Bokod,Benguet,Cordillera Administrative Region, 684 , 473.8 
Atok,Benguet,Cordillera Administrative Region, 954 , 496.4 
Kapangan,Benguet,Cordillera Administrative Region," 1,323 ", 685.6 
Kabayan,Benguet,Cordillera Administrative Region, 584 , 369.5 
La Trinidad ,Benguet,Cordillera Administrative Region," 12,782 ", 930.2 
Tublay,Benguet,Cordillera Administrative Region," 1,089 ", 560.5 
Kibungan,Benguet,Cordillera Administrative Region, 393 , 230.5 
Sablan,Benguet,Cordillera Administrative Region, 789 , 680.9 
Caibiran,Biliran,Region VIII, 227 , 93.9 
Cabucgayan,Biliran,Region VIII, 198 , 91.9 
Biliran,Biliran,Region VIII, 264 , 149.5 
Maripipi,Biliran,Region VIII, 95 , 149.1 
Culaba,Biliran,Region VIII, 118 , 91.0 
Almeria,Biliran,Region VIII, 388 , 216.1 
Naval ,Biliran,Region VIII, 947 , 162.8 
Kawayan,Biliran,Region VIII, 264 , 129.1 
Buenavista,Bohol,Region VII, 185 , 62.3 
Duero,Bohol,Region VII, 203 , 107.6 
Dauis,Bohol,Region VII," 1,233 ", 234.9 
San Miguel,Bohol,Region VII, 559 , 220.5 
Dimiao,Bohol,Region VII, 386 , 259.3 
Balilihan,Bohol,Region VII, 409 , 218.8 
Loay,Bohol,Region VII, 480 , 268.8 
Sevilla,Bohol,Region VII, 312 , 274.3 
Trinidad,Bohol,Region VII, 325 , 92.5 
Inabanga,Bohol,Region VII, 596 , 122.8 
Pilar,Bohol,Region VII, 274 , 95.5 
Lila,Bohol,Region VII, 329 , 268.8 
Jagna,Bohol,Region VII, 407 , 113.6 
Ubay,Bohol,Region VII, 904 , 110.5 
Carmen,Bohol,Region VII, 888 , 180.5 
Corella,Bohol,Region VII, 322 , 339.7 
Clarin,Bohol,Region VII, 331 , 156.4 
Alicia,Bohol,Region VII, 267 , 109.5 
Sagbayan ,Bohol,Region VII, 437 , 179.6 
Baclayon,Bohol,Region VII, 650 , 289.4 
Tagbilaran City ,Bohol,Region VII," 5,574 ", 531.0 
Valencia,Bohol,Region VII, 488 , 171.9 
Antequera,Bohol,Region VII, 466 , 310.9 
Anda,Bohol,Region VII, 320 , 180.0 
Pres. Carlos P. Garcia ,Bohol,Region VII, 178 , 75.3 
Talibon,Bohol,Region VII, 686 , 96.3 
Candijay,Bohol,Region VII, 611 , 202.9 
Loboc,Bohol,Region VII, 458 , 262.9 
Cortes,Bohol,Region VII, 495 , 269.8 
Bilar,Bohol,Region VII, 371 , 200.4 
Bien Unido,Bohol,Region VII, 227 , 85.1 
Danao,Bohol,Region VII, 405 , 200.0 
Mabini,Bohol,Region VII, 385 , 134.1 
Calape,Bohol,Region VII, 598 , 180.8 
Panglao,Bohol,Region VII, 729 , 183.0 
Alburquerque,Bohol,Region VII, 407 , 361.9 
Batuan,Bohol,Region VII, 205 , 148.1 
Garcia Hernandez,Bohol,Region VII, 309 , 126.5 
Getafe,Bohol,Region VII, 245 , 73.3 
Dagohoy,Bohol,Region VII, 347 , 174.6 
Sikatuna,Bohol,Region VII, 270 , 391.0 
Maribojoc,Bohol,Region VII, 700 , 315.6 
San Isidro,Bohol,Region VII, 129 , 130.2 
Sierra Bullones,Bohol,Region VII, 396 , 151.8 
Guindulman,Bohol,Region VII, 378 , 110.8 
Loon,Bohol,Region VII, 856 , 193.6 
Tubigon,Bohol,Region VII, 759 , 158.5 
Catigbian,Bohol,Region VII, 397 , 166.8 
Maramag,Bukidnon,Region X," 2,813 ", 259.8 
City of Malaybalay ,Bukidnon,Region X," 6,106 ", 320.2 
Dangcagan,Bukidnon,Region X, 388 , 148.8 
City of Valencia,Bukidnon,Region X," 7,427 ", 343.0 
Cabanglasan,Bukidnon,Region X, 415 , 114.4 
Malitbog,Bukidnon,Region X, 393 , 147.0 
Sumilao,Bukidnon,Region X, 448 , 151.7 
Damulog,Bukidnon,Region X, 228 , 58.0 
Manolo Fortich,Bukidnon,Region X," 4,716 ", 416.6 
Baungon,Bukidnon,Region X, 700 , 188.6 
Talakag,Bukidnon,Region X, 926 , 120.2 
Kalilangan,Bukidnon,Region X, 940 , 215.0 
Libona,Bukidnon,Region X," 1,521 ", 310.6 
Kadingilan,Bukidnon,Region X, 226 , 67.0 
Kitaotao,Bukidnon,Region X, 522 , 97.0 
Impasug-Ong,Bukidnon,Region X, 271 , 50.3 
Pangantucan,Bukidnon,Region X, 920 , 162.6 
Quezon,Bukidnon,Region X," 2,594 ", 236.6 
Lantapan,Bukidnon,Region X, 372 , 56.4 
San Fernando,Bukidnon,Region X, 655 , 103.9 
Don Carlos,Bukidnon,Region X, 869 , 125.4 
Kibawe,Bukidnon,Region X, 442 , 105.5 
Doña Remedios Trinidad,Bulacan,Region III, 220 , 76.8 
Paombong,Bulacan,Region III," 1,518 ", 272.6 
City of San Jose Del Monte,Bulacan,Region III," 22,452 ", 344.5 
Angat,Bulacan,Region III," 2,644 ", 402.9 
San Miguel,Bulacan,Region III," 2,591 ", 150.6 
Bulacan,Bulacan,Region III," 4,097 ", 504.4 
Pandi,Bulacan,Region III," 2,697 ", 173.9 
City of Meycauayan,Bulacan,Region III," 12,865 ", 570.1 
Obando,Bulacan,Region III," 2,697 ", 449.7 
Hagonoy,Bulacan,Region III," 3,279 ", 245.7 
San Rafael,Bulacan,Region III," 3,875 ", 375.9 
Guiguinto,Bulacan,Region III," 6,577 ", 579.9 
Pulilan,Bulacan,Region III," 4,217 ", 387.5 
Bocaue,Bulacan,Region III," 7,607 ", 537.9 
Marilao,Bulacan,Region III," 11,013 ", 432.8 
Santa Maria,Bulacan,Region III," 16,545 ", 570.9 
Bustos,Bulacan,Region III," 1,926 ", 249.5 
San Ildefonso,Bulacan,Region III," 3,305 ", 285.6 
City of Malolos ,Bulacan,Region III," 14,698 ", 562.7 
Baliuag,Bulacan,Region III," 7,612 ", 451.8 
Plaridel,Bulacan,Region III," 5,097 ", 445.4 
Norzagaray,Bulacan,Region III," 3,596 ", 264.3 
Calumpit,Bulacan,Region III," 4,705 ", 397.1 
Balagtas ,Bulacan,Region III," 3,835 ", 497.9 
Baggao,Cagayan,Region II," 3,862 ", 440.1 
Iguig,Cagayan,Region II," 1,655 ", 550.6 
Camalaniugan,Cagayan,Region II," 1,195 ", 473.5 
Piat,Cagayan,Region II," 1,147 ", 462.4 
Santa Teresita,Cagayan,Region II, 744 , 380.1 
Ballesteros,Cagayan,Region II," 1,616 ", 468.6 
Santa Ana,Cagayan,Region II," 1,872 ", 524.5 
Claveria,Cagayan,Region II," 1,546 ", 484.6 
Peñablanca,Cagayan,Region II," 1,420 ", 282.3 
Sanchez-Mira,Cagayan,Region II, 837 , 319.9 
Tuguegarao City ,Cagayan,Region II," 21,554 "," 1,295.8 "
Santa Praxedes,Cagayan,Region II, 864 ," 1,948.6 "
Lasam,Cagayan,Region II," 1,584 ", 384.2 
Rizal,Cagayan,Region II, 580 , 304.0 
Abulug,Cagayan,Region II," 1,792 ", 518.2 
Lal-Lo,Cagayan,Region II," 2,366 ", 485.5 
Aparri,Cagayan,Region II," 3,020 ", 438.7 
Santo Niño ,Cagayan,Region II, 980 , 343.4 
Buguey,Cagayan,Region II," 1,407 ", 437.7 
Gonzaga,Cagayan,Region II," 1,816 ", 435.7 
Solana,Cagayan,Region II," 3,574 ", 404.1 
Pamplona,Cagayan,Region II," 1,238 ", 499.6 
Alcala,Cagayan,Region II," 2,531 ", 612.9 
Tuao,Cagayan,Region II," 1,421 ", 222.1 
Gattaran,Cagayan,Region II," 1,415 ", 240.3 
Calayan,Cagayan,Region II, 197 , 113.2 
Amulung,Cagayan,Region II," 1,768 ", 351.2 
Enrile,Cagayan,Region II," 1,220 ", 332.4 
Allacapan,Cagayan,Region II," 1,382 ", 392.2 
Jose Panganiban,Camarines Norte,Region V, 436 , 68.5 
Talisay,Camarines Norte,Region V, 370 , 135.8 
Mercedes,Camarines Norte,Region V, 236 , 42.7 
San Lorenzo Ruiz ,Camarines Norte,Region V, 115 , 73.0 
San Vicente,Camarines Norte,Region V, 118 , 93.8 
Paracale,Camarines Norte,Region V, 270 , 44.9 
Basud,Camarines Norte,Region V, 406 , 90.0 
Santa Elena,Camarines Norte,Region V, 257 , 59.0 
Labo,Camarines Norte,Region V, 749 , 68.6 
Vinzons,Camarines Norte,Region V, 381 , 77.7 
Capalonga,Camarines Norte,Region V, 102 , 28.2 
Daet ,Camarines Norte,Region V," 1,658 ", 148.4 
Minalabac,Camarines Sur,Region V, 369 , 68.4 
Milaor,Camarines Sur,Region V, 584 , 172.0 
Presentacion ,Camarines Sur,Region V, 94 , 41.6 
San Jose,Camarines Sur,Region V, 461 , 104.8 
Ragay,Camarines Sur,Region V, 442 , 74.0 
Lagonoy,Camarines Sur,Region V, 413 , 72.8 
Del Gallego,Camarines Sur,Region V, 142 , 53.8 
Libmanan,Camarines Sur,Region V, 836 , 74.0 
Ocampo,Camarines Sur,Region V, 350 , 68.5 
Bula,Camarines Sur,Region V, 545 , 74.5 
Tinambac,Camarines Sur,Region V, 542 , 77.2 
Buhi,Camarines Sur,Region V, 695 , 85.5 
Magarao,Camarines Sur,Region V, 658 , 246.1 
Cabusao,Camarines Sur,Region V, 422 , 219.1 
San Fernando,Camarines Sur,Region V, 523 , 135.4 
Bombon,Camarines Sur,Region V, 287 , 159.5 
Tigaon,Camarines Sur,Region V, 615 , 101.6 
Pamplona,Camarines Sur,Region V, 456 , 115.9 
Calabanga,Camarines Sur,Region V, 998 , 112.3 
Siruma,Camarines Sur,Region V, 101 , 52.0 
Gainza,Camarines Sur,Region V, 184 , 158.8 
Baao,Camarines Sur,Region V, 603 , 98.1 
Sipocot,Camarines Sur,Region V, 567 , 83.2 
Bato,Camarines Sur,Region V, 507 , 97.2 
Lupi,Camarines Sur,Region V, 239 , 70.5 
Goa,Camarines Sur,Region V, 706 , 98.9 
Pasacao,Camarines Sur,Region V, 384 , 71.8 
Camaligan,Camarines Sur,Region V, 493 , 196.9 
Canaman,Camarines Sur,Region V, 816 , 225.4 
Naga City,Camarines Sur,Region V," 9,628 ", 460.3 
Balatan,Camarines Sur,Region V, 187 , 61.0 
Caramoan,Camarines Sur,Region V, 277 , 53.5 
Iriga City,Camarines Sur,Region V," 1,501 ", 131.1 
Pili ,Camarines Sur,Region V," 2,044 ", 206.1 
Sagñay,Camarines Sur,Region V, 182 , 49.4 
Garchitorena,Camarines Sur,Region V, 139 , 47.2 
Nabua,Camarines Sur,Region V," 1,473 ", 170.3 
Mambajao ,Camiguin,Region X," 1,483 ", 360.9 
Mahinog,Camiguin,Region X, 436 , 297.9 
Guinsiliban,Camiguin,Region X, 172 , 257.3 
Catarman,Camiguin,Region X, 438 , 249.3 
Sagay,Camiguin,Region X, 245 , 191.0 
President Roxas,Capiz,Region VI, 465 , 148.7 
Sapi-An,Capiz,Region VI, 258 , 96.6 
Pilar,Capiz,Region VI, 428 , 90.9 
Sigma,Capiz,Region VI, 312 , 98.5 
Roxas City ,Capiz,Region VI," 7,247 ", 404.2 
Ivisan,Capiz,Region VI, 448 , 143.2 
Dumalag,Capiz,Region VI, 481 , 159.8 
Mambusao,Capiz,Region VI, 657 , 161.5 
Jamindan,Capiz,Region VI, 621 , 160.6 
Dao,Capiz,Region VI, 318 , 94.0 
Dumarao,Capiz,Region VI, 457 , 92.3 
Cuartero,Capiz,Region VI, 331 , 118.2 
Ma-Ayon,Capiz,Region VI, 342 , 83.0 
Panay,Capiz,Region VI, 626 , 128.0 
Pontevedra,Capiz,Region VI, 611 , 122.9 
Tapaz,Capiz,Region VI, 666 , 122.4 
Panitan,Capiz,Region VI, 604 , 141.9 
Gigmoto,Catanduanes,Region V, 139 , 159.6 
Baras,Catanduanes,Region V, 169 , 125.3 
San Miguel,Catanduanes,Region V, 187 , 119.3 
Virac ,Catanduanes,Region V," 1,351 ", 176.6 
San Andres ,Catanduanes,Region V, 511 , 132.8 
Bato,Catanduanes,Region V, 311 , 143.0 
Caramoran,Catanduanes,Region V, 333 , 103.7 
Panganiban ,Catanduanes,Region V, 155 , 159.6 
Pandan,Catanduanes,Region V, 223 , 103.9 
Bagamanoc,Catanduanes,Region V, 209 , 188.5 
Viga,Catanduanes,Region V, 243 , 106.3 
Carmona,Cavite,Region IV-A," 6,865 ", 646.1 
Indang,Cavite,Region IV-A," 4,105 ", 597.5 
Ternate,Cavite,Region IV-A, 970 , 393.5 
Bacoor City,Cavite,Region IV-A," 45,686 ", 687.4 
Imus City,Cavite,Region IV-A," 37,643 ", 757.7 
Naic,Cavite,Region IV-A," 4,240 ", 263.4 
Tagaytay City,Cavite,Region IV-A," 4,907 ", 575.1 
Noveleta,Cavite,Region IV-A," 2,862 ", 578.7 
City of Dasmariñas,Cavite,Region IV-A," 38,467 ", 547.1 
Amadeo,Cavite,Region IV-A," 2,244 ", 535.5 
Trece Martires City ,Cavite,Region IV-A," 8,236 ", 391.3 
Tanza,Cavite,Region IV-A," 13,643 ", 437.1 
Alfonso,Cavite,Region IV-A," 2,535 ", 427.4 
Silang,Cavite,Region IV-A," 13,883 ", 469.6 
Cavite City,Cavite,Region IV-A," 6,433 ", 639.0 
Mendez ,Cavite,Region IV-A," 1,552 ", 445.0 
Maragondon,Cavite,Region IV-A," 1,601 ", 393.5 
Rosario,Cavite,Region IV-A," 3,106 ", 280.3 
General Emilio Aguinaldo,Cavite,Region IV-A," 1,418 ", 591.5 
Kawit,Cavite,Region IV-A," 5,916 ", 550.1 
Gen. Mariano Alvarez,Cavite,Region IV-A," 7,165 ", 415.5 
City of General Trias,Cavite,Region IV-A," 27,740 ", 615.6 
Magallanes,Cavite,Region IV-A," 1,028 ", 431.0 
Dalaguete,Cebu,Region VII," 1,009 ", 135.3 
Boljoon,Cebu,Region VII, 263 , 150.1 
Danao City,Cebu,Region VII," 1,994 ", 127.6 
San Remigio,Cebu,Region VII, 653 , 99.3 
Madridejos,Cebu,Region VII, 277 , 65.9 
Dumanjug,Cebu,Region VII, 540 , 93.4 
Sogod,Cebu,Region VII, 411 , 104.2 
Badian,Cebu,Region VII, 392 , 89.6 
Pinamungahan,Cebu,Region VII, 696 , 92.6 
Sibonga,Cebu,Region VII," 1,015 ", 190.0 
Pilar,Cebu,Region VII, 105 , 84.0 
Liloan,Cebu,Region VII," 3,913 ", 255.4 
Borbon,Cebu,Region VII, 282 , 73.8 
Barili,Cebu,Region VII, 660 , 81.8 
Malabuyoc,Cebu,Region VII, 219 , 110.8 
Tuburan,Cebu,Region VII, 636 , 93.3 
Bantayan,Cebu,Region VII, 458 , 53.1 
Oslob,Cebu,Region VII, 683 , 233.4 
Balamban,Cebu,Region VII," 1,383 ", 145.4 
San Francisco,Cebu,Region VII, 339 , 57.2 
Samboan,Cebu,Region VII, 561 , 275.4 
Toledo City,Cebu,Region VII," 2,702 ", 130.3 
Tudela,Cebu,Region VII, 172 , 152.2 
Ginatilan,Cebu,Region VII, 355 , 210.0 
San Fernando,Cebu,Region VII, 919 , 127.2 
Daanbantayan,Cebu,Region VII, 871 , 93.2 
Minglanilla,Cebu,Region VII," 4,301 ", 284.8 
City of Talisay,Cebu,Region VII," 7,774 ", 295.5 
Moalboal,Cebu,Region VII, 433 , 117.2 
Carmen,Cebu,Region VII, 709 , 122.5 
Tabogon,Cebu,Region VII, 213 , 51.4 
Catmon,Cebu,Region VII, 376 , 111.4 
Santander,Cebu,Region VII, 331 , 178.7 
Aloguinsan,Cebu,Region VII, 554 , 160.7 
Cebu City ,Cebu,Region VII," 62,189 ", 645.0 
Compostela,Cebu,Region VII," 1,259 ", 225.3 
City of Naga,Cebu,Region VII," 2,082 ", 156.3 
Lapu-Lapu City ,Cebu,Region VII," 19,899 ", 399.9 
Santa Fe,Cebu,Region VII, 141 , 40.9 
Poro,Cebu,Region VII, 210 , 80.1 
Mandaue City,Cebu,Region VII," 17,414 ", 478.3 
Alegria,Cebu,Region VII, 232 , 90.6 
City of Bogo,Cebu,Region VII," 1,041 ", 117.1 
Alcoy,Cebu,Region VII, 318 , 165.7 
Medellin,Cebu,Region VII, 922 , 154.7 
Alcantara,Cebu,Region VII, 141 , 83.4 
Asturias,Cebu,Region VII, 457 , 82.5 
City of Carcar,Cebu,Region VII," 2,003 ", 146.8 
Consolacion,Cebu,Region VII," 4,490 ", 303.4 
Argao,Cebu,Region VII," 1,442 ", 184.4 
Ronda,Cebu,Region VII, 237 , 112.8 
Tabuelan,Cebu,Region VII, 177 , 61.2 
Cordova,Cebu,Region VII," 1,454 ", 206.0 
City of Isabela,City of Isabela,Region IX," 1,975 ", 151.5 
Pantukan,Davao De Oro,Region XI," 1,278 ", 140.8 
Mawab,Davao De Oro,Region XI, 740 , 186.7 
Maragusan ,Davao De Oro,Region XI, 984 , 152.8 
Laak ,Davao De Oro,Region XI, 758 , 95.1 
Monkayo,Davao De Oro,Region XI," 1,080 ", 115.0 
Maco,Davao De Oro,Region XI," 1,129 ", 135.6 
Montevista,Davao De Oro,Region XI, 716 , 153.8 
Mabini ,Davao De Oro,Region XI, 318 , 73.0 
Nabunturan ,Davao De Oro,Region XI," 1,576 ", 186.9 
New Bataan,Davao De Oro,Region XI, 684 , 132.9 
Compostela,Davao De Oro,Region XI," 1,405 ", 156.3 
Makilala,Cotabato,Region XII, 845 , 96.1 
Kabacan,Cotabato,Region XII," 1,058 ", 112.8 
Matalam,Cotabato,Region XII, 570 , 70.1 
City of Kidapawan ,Cotabato,Region XII," 4,392 ", 273.1 
Alamada,Cotabato,Region XII, 503 , 73.3 
M'Lang,Cotabato,Region XII," 1,713 ", 174.4 
Arakan,Cotabato,Region XII, 424 , 83.9 
Aleosan,Cotabato,Region XII, 319 , 76.1 
Libungan,Cotabato,Region XII, 592 , 105.2 
Midsayap,Cotabato,Region XII," 1,797 ", 108.7 
Antipas,Cotabato,Region XII, 313 , 116.7 
Banisilan,Cotabato,Region XII, 527 , 112.1 
President Roxas,Cotabato,Region XII, 522 , 99.4 
Magpet,Cotabato,Region XII, 379 , 70.4 
Carmen,Cotabato,Region XII, 707 , 65.7 
Pikit,Cotabato,Region XII, 594 , 36.1 
Pigkawayan,Cotabato,Region XII, 661 , 91.3 
Tulunan,Cotabato,Region XII, 691 , 113.3 
Cotabato City,Cotabato City,Region XII," 6,830 ", 210.1 
Sarangani,Davao Occidental,Region XI, 195 , 86.6 
Jose Abad Santos ,Davao Occidental,Region XI, 950 , 129.5 
Malita ,Davao Occidental,Region XI," 1,844 ", 156.0 
Don Marcelino,Davao Occidental,Region XI, 708 , 155.5 
Santa Maria,Davao Occidental,Region XI," 1,309 ", 227.5 
Tarragona,Davao Oriental,Region XI, 281 , 104.1 
Lupon,Davao Oriental,Region XI, 945 , 141.1 
Caraga,Davao Oriental,Region XI, 536 , 135.0 
Cateel,Davao Oriental,Region XI, 500 , 113.1 
City of Mati ,Davao Oriental,Region XI," 4,102 ", 278.0 
Banaybanay,Davao Oriental,Region XI, 903 , 203.1 
San Isidro,Davao Oriental,Region XI, 484 , 143.8 
Manay,Davao Oriental,Region XI, 268 , 67.7 
Baganga,Davao Oriental,Region XI, 819 , 139.5 
Boston,Davao Oriental,Region XI, 271 , 185.4 
Governor Generoso,Davao Oriental,Region XI, 624 , 104.2 
Island Garden City of Samal,Davao Del Norte,Region XI," 2,556 ", 218.9 
Carmen,Davao Del Norte,Region XI," 1,602 ", 195.3 
Kapalong,Davao Del Norte,Region XI," 1,698 ", 209.5 
Asuncion ,Davao Del Norte,Region XI, 779 , 125.9 
Talaingod,Davao Del Norte,Region XI, 202 , 71.3 
Santo Tomas,Davao Del Norte,Region XI," 2,452 ", 190.6 
City of Panabo,Davao Del Norte,Region XI," 4,510 ", 215.6 
San Isidro,Davao Del Norte,Region XI, 395 , 145.0 
Braulio E. Dujali,Davao Del Norte,Region XI, 476 , 133.2 
New Corella,Davao Del Norte,Region XI, 681 , 117.6 
City of Tagum ,Davao Del Norte,Region XI," 11,134 ", 375.9 
Malalag,Davao Del Sur,Region XI, 697 , 173.6 
City of Digos ,Davao Del Sur,Region XI," 6,630 ", 352.0 
Hagonoy,Davao Del Sur,Region XI, 787 , 138.3 
Bansalan,Davao Del Sur,Region XI," 2,260 ", 360.2 
Matanao,Davao Del Sur,Region XI, 894 , 147.8 
Davao City,Davao Del Sur,Region XI," 79,343 ", 446.5 
Sulop,Davao Del Sur,Region XI, 802 , 228.2 
Magsaysay,Davao Del Sur,Region XI, 795 , 141.3 
Padada,Davao Del Sur,Region XI, 405 , 135.6 
Kiblawan,Davao Del Sur,Region XI, 506 , 102.5 
Santa Cruz,Davao Del Sur,Region XI," 1,548 ", 153.1 
Libjo ,Dinagat Islands,Region XIII, 162 , 89.7 
Loreto,Dinagat Islands,Region XIII, 182 , 187.8 
Basilisa ,Dinagat Islands,Region XIII, 175 , 47.4 
Tubajon,Dinagat Islands,Region XIII, 191 , 235.3 
Cagdianao,Dinagat Islands,Region XIII, 271 , 147.7 
San Jose ,Dinagat Islands,Region XIII, 687 , 260.5 
Dinagat,Dinagat Islands,Region XIII, 138 , 129.9 
Hernani,Eastern Samar,Region VIII, 104 , 121.9 
City of Borongan ,Eastern Samar,Region VIII," 1,375 ", 191.1 
Giporlos,Eastern Samar,Region VIII, 135 , 102.9 
Sulat,Eastern Samar,Region VIII, 167 , 106.0 
Guiuan,Eastern Samar,Region VIII, 955 , 179.0 
Oras,Eastern Samar,Region VIII, 216 , 57.7 
Quinapondan,Eastern Samar,Region VIII, 141 , 97.2 
Maslog,Eastern Samar,Region VIII, 57 , 104.3 
San Julian,Eastern Samar,Region VIII, 65 , 43.9 
Lawaan,Eastern Samar,Region VIII, 212 , 163.0 
Dolores,Eastern Samar,Region VIII, 124 , 27.8 
General Macarthur,Eastern Samar,Region VIII, 177 , 122.8 
Llorente,Eastern Samar,Region VIII, 96 , 44.7 
Balangiga,Eastern Samar,Region VIII, 211 , 147.1 
San Policarpo,Eastern Samar,Region VIII, 162 , 105.4 
Salcedo,Eastern Samar,Region VIII, 321 , 145.0 
Taft,Eastern Samar,Region VIII, 120 , 63.9 
Maydolong,Eastern Samar,Region VIII, 137 , 89.5 
Arteche,Eastern Samar,Region VIII, 138 , 84.4 
Can-Avid,Eastern Samar,Region VIII, 206 , 95.0 
Jipapad,Eastern Samar,Region VIII, 44 , 52.1 
Balangkayan,Eastern Samar,Region VIII, 62 , 60.9 
Mercedes,Eastern Samar,Region VIII, 124 , 202.9 
San Lorenzo,Guimaras,Region VI, 513 , 174.2 
Buenavista,Guimaras,Region VI," 1,354 ", 256.0 
Nueva Valencia,Guimaras,Region VI," 1,069 ", 249.9 
Sibunag,Guimaras,Region VI, 364 , 157.2 
Jordan ,Guimaras,Region VI," 1,174 ", 296.7 
Asipulo,Ifugao,Cordillera Administrative Region, 595 , 372.7 
Hingyon,Ifugao,Cordillera Administrative Region," 1,168 "," 1,176.2 "
Banaue,Ifugao,Cordillera Administrative Region," 1,164 ", 563.6 
Mayoyao,Ifugao,Cordillera Administrative Region, 880 , 563.3 
Hungduan,Ifugao,Cordillera Administrative Region, 376 , 424.1 
Kiangan,Ifugao,Cordillera Administrative Region," 1,291 ", 729.7 
Alfonso Lista ,Ifugao,Cordillera Administrative Region," 1,052 ", 308.9 
Tinoc,Ifugao,Cordillera Administrative Region, 484 , 262.0 
Aguinaldo,Ifugao,Cordillera Administrative Region," 1,059 ", 501.2 
Lagawe ,Ifugao,Cordillera Administrative Region," 2,016 "," 1,068.0 "
Lamut,Ifugao,Cordillera Administrative Region," 2,211 ", 842.8 
Burgos,Ilocos Norte,Region I, 521 , 484.2 
San Nicolas,Ilocos Norte,Region I," 1,343 ", 345.3 
City of Batac,Ilocos Norte,Region I," 3,819 ", 688.3 
Nueva Era,Ilocos Norte,Region I, 246 , 205.5 
Piddig,Ilocos Norte,Region I, 662 , 294.5 
Vintar,Ilocos Norte,Region I, 715 , 214.5 
Carasi,Ilocos Norte,Region I, 129 , 802.7 
Badoc,Ilocos Norte,Region I, 768 , 236.1 
Bacarra,Ilocos Norte,Region I," 1,611 ", 481.0 
Pagudpud,Ilocos Norte,Region I, 574 , 228.7 
Laoag City ,Ilocos Norte,Region I," 7,286 ", 652.6 
Sarrat,Ilocos Norte,Region I," 1,277 ", 507.0 
Solsona,Ilocos Norte,Region I, 853 , 343.2 
Currimao,Ilocos Norte,Region I, 485 , 397.1 
Adams,Ilocos Norte,Region I, 100 , 456.8 
Pinili,Ilocos Norte,Region I, 485 , 275.2 
Marcos,Ilocos Norte,Region I, 509 , 282.6 
Bangui,Ilocos Norte,Region I," 1,315 ", 875.6 
Dingras,Ilocos Norte,Region I," 1,246 ", 310.5 
Paoay,Ilocos Norte,Region I," 1,003 ", 401.2 
Banna ,Ilocos Norte,Region I, 661 , 342.5 
Dumalneg,Ilocos Norte,Region I, 288 , 932.9 
Pasuquin,Ilocos Norte,Region I," 1,035 ", 348.7 
Lidlidda,Ilocos Sur,Region I, 116 , 246.5 
Santiago,Ilocos Sur,Region I, 563 , 289.1 
Santa Maria,Ilocos Sur,Region I, 891 , 296.9 
Cabugao,Ilocos Sur,Region I," 1,442 ", 370.8 
San Emilio,Ilocos Sur,Region I, 299 , 414.9 
Nagbukel,Ilocos Sur,Region I, 146 , 267.2 
Suyo,Ilocos Sur,Region I, 333 , 309.3 
Santa Cruz,Ilocos Sur,Region I, 655 , 158.3 
Santo Domingo,Ilocos Sur,Region I, 960 , 330.6 
Salcedo ,Ilocos Sur,Region I, 484 , 435.6 
Narvacan,Ilocos Sur,Region I," 1,516 ", 327.9 
Santa Catalina,Ilocos Sur,Region I, 659 , 454.7 
Caoayan,Ilocos Sur,Region I, 778 , 397.5 
Galimuyod,Ilocos Sur,Region I, 276 , 269.4 
Burgos,Ilocos Sur,Region I, 345 , 269.7 
Gregorio Del Pilar ,Ilocos Sur,Region I, 162 , 362.3 
Sigay,Ilocos Sur,Region I, 204 , 799.4 
Cervantes,Ilocos Sur,Region I, 327 , 168.1 
Santa Lucia,Ilocos Sur,Region I, 592 , 228.0 
San Juan ,Ilocos Sur,Region I, 723 , 271.1 
Sugpon,Ilocos Sur,Region I, 42 , 85.2 
Bantay,Ilocos Sur,Region I," 1,501 ", 404.4 
Alilem,Ilocos Sur,Region I, 347 , 471.4 
San Esteban,Ilocos Sur,Region I, 269 , 321.0 
Magsingal,Ilocos Sur,Region I, 838 , 267.7 
Santa,Ilocos Sur,Region I, 624 , 416.2 
San Vicente,Ilocos Sur,Region I, 684 , 521.4 
Banayoyo,Ilocos Sur,Region I, 368 , 464.0 
Quirino ,Ilocos Sur,Region I, 418 , 449.2 
City of Vigan ,Ilocos Sur,Region I," 3,099 ", 574.6 
San Ildefonso,Ilocos Sur,Region I, 482 , 588.5 
Tagudin,Ilocos Sur,Region I, 655 , 157.7 
Sinait,Ilocos Sur,Region I," 1,236 ", 475.4 
City of Candon,Ilocos Sur,Region I," 1,521 ", 247.6 
Alimodian,Iloilo,Region VI," 1,261 ", 317.5 
Miagao,Iloilo,Region VI," 1,838 ", 269.8 
Carles,Iloilo,Region VI, 707 , 97.3 
Lemery,Iloilo,Region VI, 598 , 190.4 
San Joaquin,Iloilo,Region VI," 1,686 ", 320.4 
Mina,Iloilo,Region VI, 532 , 221.3 
Leon,Iloilo,Region VI," 1,214 ", 233.5 
Pototan,Iloilo,Region VI," 2,299 ", 293.6 
Anilao,Iloilo,Region VI, 573 , 187.7 
Concepcion,Iloilo,Region VI," 1,237 ", 277.1 
Ajuy,Iloilo,Region VI, 924 , 172.8 
City of Passi,Iloilo,Region VI," 2,577 ", 290.0 
Leganes,Iloilo,Region VI," 1,374 ", 395.7 
Tigbauan,Iloilo,Region VI," 1,499 ", 229.7 
Lambunao,Iloilo,Region VI," 1,658 ", 204.1 
Guimbal,Iloilo,Region VI," 1,562 ", 446.0 
Sara,Iloilo,Region VI," 1,529 ", 279.8 
Batad,Iloilo,Region VI, 280 , 126.4 
Iloilo City ,Iloilo,Region VI," 38,284 ", 836.6 
Dumangas,Iloilo,Region VI," 1,493 ", 202.0 
Balasan,Iloilo,Region VI, 483 , 137.7 
Igbaras,Iloilo,Region VI, 911 , 282.9 
Pavia,Iloilo,Region VI," 3,859 ", 548.2 
Banate,Iloilo,Region VI, 827 , 247.8 
Barotac Viejo,Iloilo,Region VI, 771 , 158.6 
Zarraga,Iloilo,Region VI," 1,116 ", 408.7 
Dingle,Iloilo,Region VI," 1,031 ", 224.3 
Barotac Nuevo,Iloilo,Region VI," 1,412 ", 242.7 
Dueñas,Iloilo,Region VI, 397 , 114.7 
Oton,Iloilo,Region VI," 4,670 ", 474.1 
Maasin,Iloilo,Region VI, 878 , 228.3 
San Miguel,Iloilo,Region VI, 993 , 329.7 
Santa Barbara,Iloilo,Region VI," 2,940 ", 434.7 
Tubungan,Iloilo,Region VI, 270 , 117.3 
San Enrique,Iloilo,Region VI, 707 , 191.5 
Cabatuan,Iloilo,Region VI," 1,498 ", 245.1 
Bingawan,Iloilo,Region VI, 243 , 150.3 
Badiangan,Iloilo,Region VI, 691 , 255.4 
Estancia,Iloilo,Region VI, 589 , 110.7 
New Lucena,Iloilo,Region VI, 740 , 304.4 
San Dionisio,Iloilo,Region VI, 808 , 206.9 
Calinog,Iloilo,Region VI," 1,245 ", 198.1 
Janiuay,Iloilo,Region VI," 1,507 ", 225.6 
San Rafael,Iloilo,Region VI, 394 , 221.4 
City of Cauayan,Isabela,Region II," 5,986 ", 417.4 
San Agustin,Isabela,Region II," 1,307 ", 591.5 
Gamu,Isabela,Region II," 1,993 ", 650.1 
Reina Mercedes,Isabela,Region II," 1,037 ", 371.7 
Palanan,Isabela,Region II, 317 , 179.3 
Santa Maria,Isabela,Region II," 1,049 ", 407.3 
San Pablo,Isabela,Region II, 664 , 252.3 
Echague,Isabela,Region II," 2,822 ", 319.2 
Quirino,Isabela,Region II," 1,018 ", 406.8 
Maconacon,Isabela,Region II, 274 , 689.0 
Ramon,Isabela,Region II," 2,622 ", 463.9 
Luna,Isabela,Region II," 1,970 ", 951.8 
Santo Tomas,Isabela,Region II," 1,079 ", 439.9 
Quezon,Isabela,Region II," 1,497 ", 553.7 
San Mariano,Isabela,Region II," 1,370 ", 227.9 
Naguilian,Isabela,Region II," 1,705 ", 504.6 
Aurora,Isabela,Region II," 2,079 ", 567.7 
San Isidro,Isabela,Region II, 995 , 367.9 
Mallig,Isabela,Region II, 975 , 302.7 
Cordon,Isabela,Region II," 1,525 ", 328.1 
San Manuel,Isabela,Region II," 1,620 ", 475.3 
Cabatuan,Isabela,Region II," 1,890 ", 472.6 
San Mateo,Isabela,Region II," 2,853 ", 428.0 
Benito Soliven,Isabela,Region II, 719 , 241.7 
Tumauini,Isabela,Region II," 2,881 ", 407.2 
Cabagan,Isabela,Region II," 2,709 ", 502.6 
Delfin Albano ,Isabela,Region II," 1,333 ", 445.4 
Angadanan,Isabela,Region II," 2,348 ", 522.0 
Ilagan City ,Isabela,Region II," 5,027 ", 317.7 
Roxas,Isabela,Region II," 3,308 ", 502.4 
City of Santiago,Isabela,Region II," 10,263 ", 690.7 
San Guillermo,Isabela,Region II, 504 , 241.0 
Jones,Isabela,Region II," 2,239 ", 490.7 
Divilacan,Isabela,Region II, 294 , 504.5 
Alicia,Isabela,Region II," 2,204 ", 298.3 
Burgos,Isabela,Region II," 1,253 ", 481.2 
Dinapigue,Isabela,Region II, 338 , 580.7 
Pasil,Kalinga,Cordillera Administrative Region, 761 , 719.5 
Lubuagan,Kalinga,Cordillera Administrative Region, 674 , 722.9 
Pinukpuk,Kalinga,Cordillera Administrative Region, 766 , 223.5 
Rizal ,Kalinga,Cordillera Administrative Region," 1,372 ", 701.6 
Balbalan,Kalinga,Cordillera Administrative Region, 644 , 498.7 
City of Tabuk ,Kalinga,Cordillera Administrative Region," 7,909 ", 653.5 
Tanudan,Kalinga,Cordillera Administrative Region, 339 , 387.6 
Tinglayan,Kalinga,Cordillera Administrative Region, 431 , 327.8 
Bagulin,La Union,Region I, 248 , 171.9 
Caba,La Union,Region I, 606 , 262.1 
Santol,La Union,Region I, 283 , 199.8 
Bauang,La Union,Region I," 3,149 ", 401.4 
Luna,La Union,Region I, 978 , 262.1 
Pugo,La Union,Region I, 504 , 260.6 
Naguilian,La Union,Region I," 1,596 ", 305.8 
City of San Fernando ,La Union,Region I," 10,482 ", 834.3 
Bangar,La Union,Region I, 938 , 246.6 
Balaoan,La Union,Region I, 945 , 234.3 
Tubao,La Union,Region I, 609 , 191.7 
Agoo,La Union,Region I," 2,584 ", 391.3 
Rosario,La Union,Region I," 1,342 ", 222.6 
Sudipen,La Union,Region I, 565 , 328.7 
Bacnotan,La Union,Region I," 1,854 ", 417.7 
Aringay,La Union,Region I," 1,527 ", 303.1 
Burgos,La Union,Region I, 219 , 243.2 
Santo Tomas,La Union,Region I, 640 , 156.7 
San Gabriel,La Union,Region I, 560 , 295.6 
San Juan,La Union,Region I," 1,537 ", 379.4 
Pila,Laguna,Region IV-A," 1,901 ", 348.1 
Liliw,Laguna,Region IV-A," 1,142 ", 289.2 
Santa Cruz ,Laguna,Region IV-A," 5,712 ", 462.2 
Mabitac,Laguna,Region IV-A, 888 , 417.4 
City of Santa Rosa,Laguna,Region IV-A," 30,260 ", 729.5 
Paete,Laguna,Region IV-A, 801 , 321.1 
Los Baños,Laguna,Region IV-A," 7,664 ", 664.4 
Majayjay,Laguna,Region IV-A," 1,231 ", 441.3 
Pakil,Laguna,Region IV-A," 1,081 ", 460.1 
Luisiana,Laguna,Region IV-A, 703 , 337.0 
Lumban,Laguna,Region IV-A," 1,364 ", 421.9 
City of San Pedro,Laguna,Region IV-A," 21,813 ", 669.1 
Magdalena,Laguna,Region IV-A, 723 , 259.9 
Rizal,Laguna,Region IV-A, 694 , 378.6 
Santa Maria,Laguna,Region IV-A, 893 , 258.8 
Famy,Laguna,Region IV-A, 409 , 243.6 
Siniloan,Laguna,Region IV-A," 1,709 ", 433.1 
Alaminos,Laguna,Region IV-A," 2,095 ", 405.9 
Nagcarlan,Laguna,Region IV-A," 1,960 ", 302.2 
Cavinti,Laguna,Region IV-A," 1,052 ", 438.7 
Pangil,Laguna,Region IV-A," 1,158 ", 462.7 
City of Calamba,Laguna,Region IV-A," 32,477 ", 601.8 
City of Biñan,Laguna,Region IV-A," 19,510 ", 478.8 
Cabuyao City,Laguna,Region IV-A," 18,735 ", 527.3 
San Pablo City,Laguna,Region IV-A," 14,481 ", 507.5 
Kalayaan,Laguna,Region IV-A," 1,229 ", 496.5 
Bay,Laguna,Region IV-A," 4,894 ", 728.5 
Pagsanjan,Laguna,Region IV-A," 1,785 ", 402.7 
Calauan,Laguna,Region IV-A," 2,429 ", 277.0 
Victoria,Laguna,Region IV-A," 1,351 ", 311.2 
Pantao Ragat,Lanao Del Norte,Region X, 58 , 19.2 
Salvador,Lanao Del Norte,Region X, 160 , 49.8 
Magsaysay,Lanao Del Norte,Region X, 71 , 34.7 
Baloi,Lanao Del Norte,Region X, 428 , 62.5 
Pantar,Lanao Del Norte,Region X, 97 , 36.5 
Baroy,Lanao Del Norte,Region X, 499 , 202.2 
Maigo,Lanao Del Norte,Region X, 296 , 126.8 
Sultan Naga Dimaporo ,Lanao Del Norte,Region X, 285 , 46.8 
Tubod ,Lanao Del Norte,Region X, 776 , 155.0 
Nunungan,Lanao Del Norte,Region X, 12 , 6.4 
Tagoloan,Lanao Del Norte,Region X, 14 , 9.3 
Munai,Lanao Del Norte,Region X, 52 , 14.8 
Iligan City,Lanao Del Norte,Region X," 7,303 ", 201.1 
Tangcal,Lanao Del Norte,Region X, 46 , 28.6 
Bacolod,Lanao Del Norte,Region X, 286 , 117.4 
Linamon,Lanao Del Norte,Region X, 317 , 149.0 
Lala,Lanao Del Norte,Region X," 1,005 ", 136.9 
Kolambugan,Lanao Del Norte,Region X, 425 , 150.4 
Poona Piagapo,Lanao Del Norte,Region X, 31 , 10.6 
Kauswagan,Lanao Del Norte,Region X, 358 , 148.0 
Matungao,Lanao Del Norte,Region X, 75 , 50.8 
Kapatagan,Lanao Del Norte,Region X, 611 , 97.6 
Sapad,Lanao Del Norte,Region X, 176 , 76.6 
Butig,Lanao Del Sur,Autonomous Region in Muslim Mindanao, 45 , 19.8 
Pagayawan ,Lanao Del Sur,Autonomous Region in Muslim Mindanao, 17 , 11.3 
Taraka,Lanao Del Sur,Autonomous Region in Muslim Mindanao, 64 , 23.5 
Madalum,Lanao Del Sur,Autonomous Region in Muslim Mindanao, 66 , 24.9 
Tamparan,Lanao Del Sur,Autonomous Region in Muslim Mindanao, 129 , 40.2 
Calanogas,Lanao Del Sur,Autonomous Region in Muslim Mindanao, 39 , 26.0 
Madamba,Lanao Del Sur,Autonomous Region in Muslim Mindanao, 36 , 16.3 
Bumbaran,Lanao Del Sur,Autonomous Region in Muslim Mindanao, 2 , 1.6 
Marogong,Lanao Del Sur,Autonomous Region in Muslim Mindanao, 35 , 11.6 
Bubong,Lanao Del Sur,Autonomous Region in Muslim Mindanao, 160 , 60.3 
Mulondo,Lanao Del Sur,Autonomous Region in Muslim Mindanao, 56 , 28.1 
Buadiposo-Buntong,Lanao Del Sur,Autonomous Region in Muslim Mindanao, 95 , 52.6 
Bayang,Lanao Del Sur,Autonomous Region in Muslim Mindanao, 128 , 45.7 
Ditsaan-Ramain,Lanao Del Sur,Autonomous Region in Muslim Mindanao, 225 , 92.2 
Sultan Dumalondong,Lanao Del Sur,Autonomous Region in Muslim Mindanao, 13 , 10.4 
Maguing,Lanao Del Sur,Autonomous Region in Muslim Mindanao, 77 , 25.3 
Marawi City ,Lanao Del Sur,Autonomous Region in Muslim Mindanao," 3,530 ", 170.5 
Marantao,Lanao Del Sur,Autonomous Region in Muslim Mindanao, 506 , 134.0 
Tagoloan Ii,Lanao Del Sur,Autonomous Region in Muslim Mindanao, 14 , 11.1 
Binidayan,Lanao Del Sur,Autonomous Region in Muslim Mindanao, 62 , 23.9 
Malabang,Lanao Del Sur,Autonomous Region in Muslim Mindanao, 236 , 48.1 
Masiu,Lanao Del Sur,Autonomous Region in Muslim Mindanao, 130 , 38.7 
Lumba-Bayabao ,Lanao Del Sur,Autonomous Region in Muslim Mindanao, 85 , 18.5 
Tubaran,Lanao Del Sur,Autonomous Region in Muslim Mindanao, 31 , 18.3 
Ganassi,Lanao Del Sur,Autonomous Region in Muslim Mindanao, 55 , 17.9 
Saguiaran,Lanao Del Sur,Autonomous Region in Muslim Mindanao, 329 , 123.2 
Bacolod-Kalawi ,Lanao Del Sur,Autonomous Region in Muslim Mindanao, 68 , 29.4 
Balabagan,Lanao Del Sur,Autonomous Region in Muslim Mindanao, 101 , 33.8 
Poona Bayabao ,Lanao Del Sur,Autonomous Region in Muslim Mindanao, 71 , 22.8 
Balindong ,Lanao Del Sur,Autonomous Region in Muslim Mindanao, 221 , 67.8 
Lumbaca-Unayan,Lanao Del Sur,Autonomous Region in Muslim Mindanao, 11 , 13.5 
Kapai,Lanao Del Sur,Autonomous Region in Muslim Mindanao, 44 , 21.4 
Lumbatan,Lanao Del Sur,Autonomous Region in Muslim Mindanao, 50 , 21.9 
Lumbayanague,Lanao Del Sur,Autonomous Region in Muslim Mindanao, 29 , 15.2 
Piagapo,Lanao Del Sur,Autonomous Region in Muslim Mindanao, 91 , 30.2 
Kapatagan,Lanao Del Sur,Autonomous Region in Muslim Mindanao, 50 , 24.4 
Pualas,Lanao Del Sur,Autonomous Region in Muslim Mindanao, 36 , 24.8 
Picong ,Lanao Del Sur,Autonomous Region in Muslim Mindanao, 48 , 25.4 
Tugaya,Lanao Del Sur,Autonomous Region in Muslim Mindanao, 121 , 48.8 
Wao,Lanao Del Sur,Autonomous Region in Muslim Mindanao," 1,630 ", 323.6 
Jaro,Leyte,Region VIII, 632 , 144.4 
Isabel,Leyte,Region VIII, 745 , 159.3 
Ormoc City,Leyte,Region VIII," 4,297 ", 186.0 
Tolosa,Leyte,Region VIII, 733 , 354.0 
La Paz,Leyte,Region VIII, 255 , 133.0 
Inopacan,Leyte,Region VIII, 390 , 182.3 
Babatngon,Leyte,Region VIII, 314 , 108.9 
Villaba,Leyte,Region VIII, 279 , 65.1 
Tanauan,Leyte,Region VIII," 1,268 ", 220.7 
Hindang,Leyte,Region VIII, 305 , 146.3 
Tacloban City ,Leyte,Region VIII," 8,995 ", 357.1 
Tabontabon,Leyte,Region VIII, 177 , 148.7 
Tabango,Leyte,Region VIII, 257 , 75.9 
Palo,Leyte,Region VIII," 3,794 ", 497.8 
Javier ,Leyte,Region VIII, 247 , 92.7 
Carigara,Leyte,Region VIII, 867 , 158.6 
Santa Fe,Leyte,Region VIII, 303 , 137.1 
Julita,Leyte,Region VIII, 185 , 118.6 
Matag-Ob,Leyte,Region VIII, 507 , 289.4 
Matalom,Leyte,Region VIII, 289 , 88.7 
Leyte,Leyte,Region VIII, 740 , 183.2 
Abuyog,Leyte,Region VIII," 1,150 ", 187.9 
Dagami,Leyte,Region VIII, 465 , 128.5 
Kananga,Leyte,Region VIII," 1,009 ", 169.0 
San Isidro,Leyte,Region VIII, 274 , 89.2 
Alangalang,Leyte,Region VIII, 752 , 131.5 
Albuera,Leyte,Region VIII, 533 , 113.0 
Calubian,Leyte,Region VIII, 380 , 120.1 
Merida,Leyte,Region VIII, 430 , 136.2 
Mayorga,Leyte,Region VIII, 181 , 100.2 
City of Baybay,Leyte,Region VIII," 1,136 ", 101.6 
Burauen,Leyte,Region VIII, 931 , 177.3 
Tunga,Leyte,Region VIII, 132 , 172.4 
Capoocan,Leyte,Region VIII, 358 , 106.2 
Barugo,Leyte,Region VIII, 614 , 178.0 
Macarthur,Leyte,Region VIII, 234 , 108.4 
Palompon,Leyte,Region VIII, 740 , 126.9 
Bato,Leyte,Region VIII, 346 , 89.9 
Hilongos,Leyte,Region VIII, 657 , 101.8 
Pastrana,Leyte,Region VIII, 269 , 139.0 
Dulag,Leyte,Region VIII, 890 , 181.7 
San Miguel,Leyte,Region VIII, 411 , 208.1 
Mahaplag,Leyte,Region VIII, 437 , 156.8 
Datu Abdullah Sangki,Maguindanao,Autonomous Region in Muslim Mindanao, 157 , 52.1 
Upi,Maguindanao,Autonomous Region in Muslim Mindanao, 849 , 143.9 
Buldon,Maguindanao,Autonomous Region in Muslim Mindanao, 84 , 21.2 
Buluan,Maguindanao,Autonomous Region in Muslim Mindanao, 388 , 67.6 
Datu Anggal Midtimbang,Maguindanao,Autonomous Region in Muslim Mindanao, 47 , 16.7 
Sultan Kudarat ,Maguindanao,Autonomous Region in Muslim Mindanao, 916 , 87.1 
Ampatuan,Maguindanao,Autonomous Region in Muslim Mindanao, 187 , 64.6 
Northern Kabuntalan,Maguindanao,Autonomous Region in Muslim Mindanao, 66 , 25.1 
Kabuntalan ,Maguindanao,Autonomous Region in Muslim Mindanao, 56 , 22.0 
Matanog,Maguindanao,Autonomous Region in Muslim Mindanao, 74 , 20.5 
South Upi,Maguindanao,Autonomous Region in Muslim Mindanao, 274 , 63.4 
Talayan,Maguindanao,Autonomous Region in Muslim Mindanao, 151 , 44.2 
Gen. S.K. Pendatun,Maguindanao,Autonomous Region in Muslim Mindanao, 104 , 33.3 
Rajah Buayan,Maguindanao,Autonomous Region in Muslim Mindanao, 65 , 23.4 
Talitay,Maguindanao,Autonomous Region in Muslim Mindanao, 32 , 18.3 
Barira,Maguindanao,Autonomous Region in Muslim Mindanao, 108 , 29.9 
Guindulungan,Maguindanao,Autonomous Region in Muslim Mindanao, 72 , 28.9 
Sultan Mastura,Maguindanao,Autonomous Region in Muslim Mindanao, 170 , 67.1 
Pandag,Maguindanao,Autonomous Region in Muslim Mindanao, 58 , 22.0 
Datu Salibo,Maguindanao,Autonomous Region in Muslim Mindanao, 25 , 13.3 
Datu Blah T. Sinsuat,Maguindanao,Autonomous Region in Muslim Mindanao, 101 , 35.8 
Sultan Sa Barongis ,Maguindanao,Autonomous Region in Muslim Mindanao, 68 , 27.8 
Datu Hoffer Ampatuan,Maguindanao,Autonomous Region in Muslim Mindanao, 56 , 21.0 
Datu Odin Sinsuat ,Maguindanao,Autonomous Region in Muslim Mindanao," 2,178 ", 186.5 
Datu Paglas,Maguindanao,Autonomous Region in Muslim Mindanao, 192 , 57.0 
Datu Piang,Maguindanao,Autonomous Region in Muslim Mindanao, 107 , 37.7 
Mamasapano,Maguindanao,Autonomous Region in Muslim Mindanao, 70 , 25.2 
Paglat,Maguindanao,Autonomous Region in Muslim Mindanao, 72 , 38.4 
Datu Saudi-Ampatuan,Maguindanao,Autonomous Region in Muslim Mindanao, 73 , 23.5 
Shariff Aguak ,Maguindanao,Autonomous Region in Muslim Mindanao, 197 , 58.0 
Pagalungan,Maguindanao,Autonomous Region in Muslim Mindanao, 84 , 18.2 
Mangudadatu,Maguindanao,Autonomous Region in Muslim Mindanao, 53 , 20.2 
Parang,Maguindanao,Autonomous Region in Muslim Mindanao," 1,043 ", 101.3 
Pagagawan,Maguindanao,Autonomous Region in Muslim Mindanao, 35 , 9.4 
Shariff Saydona Mustapha,Maguindanao,Autonomous Region in Muslim Mindanao, 22 , 8.8 
Datu Unsay,Maguindanao,Autonomous Region in Muslim Mindanao, 25 , 19.4 
Santa Cruz,Marinduque,Region IV-B," 1,031 ", 188.5 
Gasan,Marinduque,Region IV-B, 754 , 208.3 
Buenavista,Marinduque,Region IV-B, 518 , 198.9 
Torrijos,Marinduque,Region IV-B, 893 , 293.0 
Mogpog,Marinduque,Region IV-B, 657 , 190.3 
Boac ,Marinduque,Region IV-B," 1,535 ", 268.0 
San Pascual,Masbate,Region V, 65 , 14.6 
Cawayan,Masbate,Region V, 236 , 34.1 
Milagros,Masbate,Region V, 440 , 76.5 
Batuan,Masbate,Region V, 100 , 68.4 
City of Masbate ,Masbate,Region V," 1,874 ", 179.3 
Placer,Masbate,Region V, 145 , 25.7 
Palanas,Masbate,Region V, 101 , 37.0 
Esperanza,Masbate,Region V, 141 , 80.4 
San Jacinto,Masbate,Region V, 124 , 41.8 
Monreal,Masbate,Region V, 60 , 23.8 
Cataingan,Masbate,Region V, 314 , 62.0 
Mobo,Masbate,Region V, 415 , 101.7 
Balud,Masbate,Region V, 238 , 59.3 
Pio V. Corpuz ,Masbate,Region V, 69 , 29.1 
Aroroy,Masbate,Region V, 743 , 84.1 
Uson,Masbate,Region V, 284 , 49.7 
Claveria,Masbate,Region V, 182 , 43.2 
Dimasalang,Masbate,Region V, 154 , 61.8 
Mandaon,Masbate,Region V, 402 , 91.1 
San Fernando,Masbate,Region V, 181 , 83.8 
Baleno,Masbate,Region V, 140 , 48.5 
Calamba,Misamis Occidental,Region X, 714 , 307.4 
Ozamiz City,Misamis Occidental,Region X," 2,315 ", 165.0 
Plaridel,Misamis Occidental,Region X, 883 , 221.6 
Lopez Jaena,Misamis Occidental,Region X, 545 , 213.7 
Panaon,Misamis Occidental,Region X, 183 , 169.5 
Sapang Dalaga,Misamis Occidental,Region X, 392 , 191.3 
Jimenez,Misamis Occidental,Region X, 463 , 160.2 
Tangub City,Misamis Occidental,Region X," 1,573 ", 230.0 
Concepcion,Misamis Occidental,Region X, 57 , 61.1 
Oroquieta City ,Misamis Occidental,Region X," 2,332 ", 322.5 
Don Victoriano Chiongbian  ,Misamis Occidental,Region X, 1 , 1.0 
Aloran,Misamis Occidental,Region X, 590 , 211.2 
Tudela,Misamis Occidental,Region X, 716 , 250.4 
Sinacaban,Misamis Occidental,Region X, 305 , 155.1 
Bonifacio,Misamis Occidental,Region X, 708 , 204.9 
Clarin,Misamis Occidental,Region X, 831 , 211.1 
Baliangao,Misamis Occidental,Region X, 409 , 221.9 
Binuangan,Misamis Oriental,Region X, 154 , 207.0 
Cagayan De Oro City ,Misamis Oriental,Region X," 31,738 ", 435.7 
Naawan,Misamis Oriental,Region X, 312 , 139.0 
Opol,Misamis Oriental,Region X," 1,981 ", 298.7 
Salay,Misamis Oriental,Region X, 491 , 163.7 
Alubijid,Misamis Oriental,Region X, 544 , 169.1 
Balingoan,Misamis Oriental,Region X, 146 , 132.5 
Balingasag,Misamis Oriental,Region X," 1,158 ", 155.7 
Villanueva,Misamis Oriental,Region X, 709 , 175.4 
Laguindingan,Misamis Oriental,Region X, 725 , 275.0 
Claveria,Misamis Oriental,Region X, 759 , 144.6 
Kinoguitan,Misamis Oriental,Region X, 301 , 213.6 
City of El Salvador,Misamis Oriental,Region X," 1,425 ", 242.5 
Manticao,Misamis Oriental,Region X, 474 , 160.8 
Initao,Misamis Oriental,Region X, 775 , 228.6 
Gingoog City,Misamis Oriental,Region X," 3,715 ", 271.8 
Medina,Misamis Oriental,Region X, 991 , 278.3 
Talisayan,Misamis Oriental,Region X, 401 , 155.7 
Tagoloan,Misamis Oriental,Region X," 1,498 ", 186.5 
Sugbongcogon,Misamis Oriental,Region X, 262 , 268.3 
Lugait,Misamis Oriental,Region X, 347 , 168.8 
Libertad,Misamis Oriental,Region X, 224 , 173.0 
Gitagum,Misamis Oriental,Region X, 331 , 184.7 
Lagonglong,Misamis Oriental,Region X, 348 , 143.9 
Jasaan,Misamis Oriental,Region X," 1,468 ", 257.3 
Magsaysay ,Misamis Oriental,Region X, 485 , 131.8 
Bauko,Mountain Province,Cordillera Administrative Region," 1,887 ", 589.3 
Natonin,Mountain Province,Cordillera Administrative Region, 425 , 411.1 
Sagada,Mountain Province,Cordillera Administrative Region," 1,331 "," 1,156.4 "
Paracelis,Mountain Province,Cordillera Administrative Region," 1,234 ", 395.9 
Besao,Mountain Province,Cordillera Administrative Region, 822 ," 1,196.0 "
Bontoc ,Mountain Province,Cordillera Administrative Region," 2,938 "," 1,218.9 "
Sadanga,Mountain Province,Cordillera Administrative Region, 275 , 326.3 
Tadian,Mountain Province,Cordillera Administrative Region," 1,357 ", 701.6 
Barlig,Mountain Province,Cordillera Administrative Region, 474 , 988.3 
Sabangan,Mountain Province,Cordillera Administrative Region, 677 , 703.7 
City of Manila,NCR,National Capital Region," 166,570 ", 902.1 
City of Las Piñas,NCR,National Capital Region," 58,471 ", 964.4 
City of Makati,NCR,National Capital Region," 96,342 "," 1,530.2 "
Taguig City,NCR,National Capital Region," 94,754 "," 1,068.6 "
Pateros,NCR,National Capital Region," 10,864 "," 1,665.6 "
City of Muntinlupa,NCR,National Capital Region," 47,917 ", 881.7 
Pasay City,NCR,National Capital Region," 58,925 "," 1,337.2 "
City of Parañaque,NCR,National Capital Region," 81,448 "," 1,180.4 "
City of San Juan,NCR,National Capital Region," 24,211 "," 1,916.2 "
City of Pasig,NCR,National Capital Region," 96,537 "," 1,202.0 "
City of Mandaluyong,NCR,National Capital Region," 54,426 "," 1,278.3 "
City of Marikina,NCR,National Capital Region," 44,667 ", 979.4 
Quezon City,NCR,National Capital Region," 277,519 ", 937.5 
City of Valenzuela,NCR,National Capital Region," 53,712 ", 751.2 
City of Navotas,NCR,National Capital Region," 23,373 ", 944.2 
City of Malabon,NCR,National Capital Region," 31,581 ", 829.9 
Caloocan City,NCR,National Capital Region," 90,337 ", 543.7 
Sagay City,Negros Occidental,Region VI," 2,350 ", 157.8 
Salvador Benedicto,Negros Occidental,Region VI, 188 , 69.8 
San Enrique,Negros Occidental,Region VI, 564 , 233.3 
Hinigaran,Negros Occidental,Region VI, 960 , 108.0 
Ilog,Negros Occidental,Region VI, 760 , 127.0 
Bago City,Negros Occidental,Region VI," 4,002 ", 209.3 
Enrique B. Magalona ,Negros Occidental,Region VI, 992 , 154.3 
Hinoba-An ,Negros Occidental,Region VI, 541 , 88.9 
Bacolod City ,Negros Occidental,Region VI," 32,150 ", 535.1 
Binalbagan,Negros Occidental,Region VI," 1,483 ", 207.7 
San Carlos City,Negros Occidental,Region VI," 3,076 ", 231.9 
Isabela,Negros Occidental,Region VI, 844 , 130.8 
Pontevedra,Negros Occidental,Region VI, 806 , 147.9 
City of Talisay,Negros Occidental,Region VI," 3,523 ", 323.5 
City of Victorias,Negros Occidental,Region VI," 1,821 ", 202.1 
Murcia,Negros Occidental,Region VI," 1,349 ", 151.8 
Candoni,Negros Occidental,Region VI, 394 , 165.9 
Moises Padilla ,Negros Occidental,Region VI, 621 , 142.9 
La Castellana,Negros Occidental,Region VI, 890 , 112.0 
Cauayan,Negros Occidental,Region VI, 855 , 78.8 
La Carlota City,Negros Occidental,Region VI," 2,248 ", 337.2 
Calatrava,Negros Occidental,Region VI, 793 , 96.1 
Cadiz City,Negros Occidental,Region VI," 2,576 ", 162.5 
Pulupandan,Negros Occidental,Region VI, 896 , 297.5 
City of Himamaylan,Negros Occidental,Region VI," 2,242 ", 192.9 
City of Kabankalan,Negros Occidental,Region VI," 3,218 ", 160.7 
City of Escalante,Negros Occidental,Region VI," 1,104 ", 114.8 
Silay City,Negros Occidental,Region VI," 3,502 ", 268.4 
City of Sipalay,Negros Occidental,Region VI," 1,371 ", 189.2 
Toboso,Negros Occidental,Region VI, 683 , 157.2 
Manapla,Negros Occidental,Region VI, 732 , 132.9 
Valladolid,Negros Occidental,Region VI, 868 , 217.0 
Zamboanguita,Negros Oriental,Region VII, 546 , 184.7 
Canlaon City,Negros Oriental,Region VII," 1,146 ", 194.8 
Sibulan,Negros Oriental,Region VII," 2,550 ", 396.3 
Mabinay,Negros Oriental,Region VII, 678 , 81.7 
City of Tanjay,Negros Oriental,Region VII," 1,410 ", 170.6 
Bacong,Negros Oriental,Region VII," 1,053 ", 255.5 
Manjuyod,Negros Oriental,Region VII, 455 , 101.6 
Valencia ,Negros Oriental,Region VII, 778 , 200.9 
Siaton,Negros Oriental,Region VII," 1,354 ", 163.0 
Bais City,Negros Oriental,Region VII, 951 , 112.8 
City of Bayawan ,Negros Oriental,Region VII," 1,881 ", 153.2 
Basay,Negros Oriental,Region VII, 421 , 147.6 
La Libertad,Negros Oriental,Region VII, 698 , 169.9 
Bindoy ,Negros Oriental,Region VII, 491 , 121.8 
Pamplona,Negros Oriental,Region VII, 289 , 72.6 
Tayasan,Negros Oriental,Region VII, 302 , 79.1 
Santa Catalina,Negros Oriental,Region VII," 1,092 ", 140.9 
San Jose,Negros Oriental,Region VII, 266 , 121.2 
Dauin,Negros Oriental,Region VII, 559 , 186.2 
Jimalalud,Negros Oriental,Region VII, 359 , 111.3 
Vallehermoso,Negros Oriental,Region VII, 441 , 108.1 
Dumaguete City ,Negros Oriental,Region VII," 7,063 ", 526.7 
City of Guihulngan,Negros Oriental,Region VII, 971 , 94.6 
Amlan ,Negros Oriental,Region VII, 717 , 281.0 
Ayungon,Negros Oriental,Region VII, 441 , 93.6 
Victoria,Northern Samar,Region VIII, 214 , 139.3 
San Vicente,Northern Samar,Region VIII, 21 , 30.3 
Rosario,Northern Samar,Region VIII, 97 , 88.6 
Allen,Northern Samar,Region VIII, 416 , 164.9 
Las Navas,Northern Samar,Region VIII, 93 , 25.4 
Lope De Vega,Northern Samar,Region VIII, 178 , 121.2 
Laoang,Northern Samar,Region VIII, 242 , 39.9 
Lavezares,Northern Samar,Region VIII, 336 , 114.3 
Lapinig,Northern Samar,Region VIII, 140 , 118.2 
Catarman ,Northern Samar,Region VIII," 1,310 ", 133.8 
Silvino Lobos,Northern Samar,Region VIII, 24 , 15.9 
San Isidro,Northern Samar,Region VIII, 281 , 100.8 
Mondragon,Northern Samar,Region VIII, 230 , 55.5 
Catubig,Northern Samar,Region VIII, 150 , 46.6 
San Jose,Northern Samar,Region VIII, 105 , 59.5 
Mapanas,Northern Samar,Region VIII, 186 , 130.7 
Biri,Northern Samar,Region VIII, 59 , 52.3 
Palapag,Northern Samar,Region VIII, 188 , 55.2 
Pambujan,Northern Samar,Region VIII, 136 , 38.3 
San Antonio,Northern Samar,Region VIII, 101 , 113.7 
Capul,Northern Samar,Region VIII, 95 , 77.1 
Gamay,Northern Samar,Region VIII, 287 , 122.8 
Bobon,Northern Samar,Region VIII, 159 , 61.2 
San Roque,Northern Samar,Region VIII, 183 , 61.2 
Carranglan,Nueva Ecija,Region III, 354 , 83.5 
Palayan City ,Nueva Ecija,Region III," 1,613 ", 355.4 
Cabiao,Nueva Ecija,Region III," 1,194 ", 139.1 
Jaen,Nueva Ecija,Region III," 1,171 ", 147.9 
Licab,Nueva Ecija,Region III, 526 , 179.7 
Santa Rosa,Nueva Ecija,Region III," 1,525 ", 201.6 
General Mamerto Natividad,Nueva Ecija,Region III, 686 , 154.8 
Guimba,Nueva Ecija,Region III," 2,203 ", 172.6 
San Isidro,Nueva Ecija,Region III, 993 , 182.6 
General Tinio ,Nueva Ecija,Region III, 945 , 169.0 
Bongabon,Nueva Ecija,Region III, 885 , 132.4 
San Leonardo,Nueva Ecija,Region III," 1,483 ", 216.4 
Quezon,Nueva Ecija,Region III, 440 , 105.1 
San Jose City,Nueva Ecija,Region III," 3,064 ", 203.0 
Santo Domingo,Nueva Ecija,Region III, 904 , 148.0 
Aliaga,Nueva Ecija,Region III, 892 , 126.8 
City of Gapan,Nueva Ecija,Region III," 3,462 ", 281.5 
Cabanatuan City,Nueva Ecija,Region III," 11,121 ", 339.8 
Cuyapo,Nueva Ecija,Region III, 774 , 113.7 
Nampicuan,Nueva Ecija,Region III, 197 , 136.1 
Laur,Nueva Ecija,Region III, 353 , 92.3 
Llanera,Nueva Ecija,Region III, 569 , 134.6 
Rizal,Nueva Ecija,Region III," 1,598 ", 227.6 
Zaragoza,Nueva Ecija,Region III, 961 , 181.0 
Pantabangan,Nueva Ecija,Region III, 372 , 117.1 
Talugtug,Nueva Ecija,Region III, 593 , 235.0 
Peñaranda,Nueva Ecija,Region III, 341 , 105.7 
Lupao,Nueva Ecija,Region III, 484 , 105.4 
San Antonio,Nueva Ecija,Region III," 1,269 ", 152.8 
Talavera,Nueva Ecija,Region III," 3,040 ", 229.7 
Gabaldon ,Nueva Ecija,Region III, 274 , 70.3 
Science City of Muñoz,Nueva Ecija,Region III," 1,532 ", 181.7 
Dupax Del Sur,Nueva Vizcaya,Region II," 1,101 ", 518.8 
Ambaguio,Nueva Vizcaya,Region II, 172 , 111.2 
Kasibu,Nueva Vizcaya,Region II," 2,330 ", 557.7 
Quezon,Nueva Vizcaya,Region II," 1,378 ", 572.9 
Bagabag,Nueva Vizcaya,Region II," 1,964 ", 517.0 
Diadi,Nueva Vizcaya,Region II, 698 , 362.9 
Kayapa,Nueva Vizcaya,Region II, 358 , 135.3 
Alfonso Castaneda,Nueva Vizcaya,Region II, 529 , 619.5 
Villaverde,Nueva Vizcaya,Region II, 755 , 375.3 
Solano,Nueva Vizcaya,Region II," 4,139 ", 634.0 
Aritao,Nueva Vizcaya,Region II," 1,654 ", 392.0 
Bambang,Nueva Vizcaya,Region II," 2,904 ", 520.5 
Bayombong ,Nueva Vizcaya,Region II," 4,343 ", 641.4 
Dupax Del Norte,Nueva Vizcaya,Region II," 1,150 ", 345.4 
Santa Fe,Nueva Vizcaya,Region II, 554 , 303.1 
Calintaan,Occidental Mindoro,Region IV-B, 467 , 154.7 
Abra De Ilog,Occidental Mindoro,Region IV-B," 1,083 ", 307.9 
Lubang,Occidental Mindoro,Region IV-B," 1,163 ", 667.0 
Sablayan,Occidental Mindoro,Region IV-B, 941 , 101.6 
Santa Cruz,Occidental Mindoro,Region IV-B, 387 , 91.2 
Rizal,Occidental Mindoro,Region IV-B, 211 , 52.2 
San Jose,Occidental Mindoro,Region IV-B," 2,351 ", 153.4 
Looc,Occidental Mindoro,Region IV-B, 104 , 133.3 
Magsaysay,Occidental Mindoro,Region IV-B, 459 , 115.4 
Paluan,Occidental Mindoro,Region IV-B, 249 , 134.1 
Mamburao ,Occidental Mindoro,Region IV-B," 1,274 ", 267.1 
Socorro,Oriental Mindoro,Region IV-B, 615 , 147.9 
Pinamalayan,Oriental Mindoro,Region IV-B," 1,443 ", 159.7 
Baco,Oriental Mindoro,Region IV-B, 423 , 106.2 
Bansud,Oriental Mindoro,Region IV-B, 552 , 129.4 
Pola,Oriental Mindoro,Region IV-B, 464 , 130.9 
Puerto Galera,Oriental Mindoro,Region IV-B, 367 , 87.5 
Mansalay,Oriental Mindoro,Region IV-B, 551 , 93.2 
City of Calapan ,Oriental Mindoro,Region IV-B," 4,248 ", 291.4 
Naujan,Oriental Mindoro,Region IV-B," 1,418 ", 129.4 
Bongabong,Oriental Mindoro,Region IV-B, 750 , 97.4 
Gloria,Oriental Mindoro,Region IV-B, 890 , 176.3 
Bulalacao ,Oriental Mindoro,Region IV-B, 343 , 77.3 
Roxas,Oriental Mindoro,Region IV-B, 522 , 88.7 
San Teodoro,Oriental Mindoro,Region IV-B, 325 , 170.0 
Victoria,Oriental Mindoro,Region IV-B, 708 , 135.7 
Taytay,Palawan,Region IV-B, 487 , 58.4 
San Vicente,Palawan,Region IV-B, 166 , 49.5 
Rizal ,Palawan,Region IV-B, 285 , 50.7 
Sofronio Española,Palawan,Region IV-B, 96 , 25.7 
Roxas,Palawan,Region IV-B, 450 , 64.6 
Aborlan,Palawan,Region IV-B, 394 , 101.7 
Cuyo,Palawan,Region IV-B, 686 , 292.1 
Araceli,Palawan,Region IV-B, 169 , 117.1 
Busuanga,Palawan,Region IV-B, 190 , 74.2 
Narra,Palawan,Region IV-B, 730 , 93.7 
Balabac,Palawan,Region IV-B, 122 , 28.7 
Brooke'S Point,Palawan,Region IV-B, 937 , 126.6 
Magsaysay,Palawan,Region IV-B, 55 , 43.6 
Puerto Princesa City ,Palawan,Region IV-B," 6,656 ", 216.8 
Bataraza,Palawan,Region IV-B, 607 , 71.0 
Quezon,Palawan,Region IV-B, 329 , 50.4 
Agutaya,Palawan,Region IV-B, 42 , 32.6 
El Nido ,Palawan,Region IV-B, 286 , 56.6 
Coron,Palawan,Region IV-B, 688 , 104.5 
Culion,Palawan,Region IV-B, 867 , 373.5 
Dumaran,Palawan,Region IV-B, 154 , 65.5 
Linapacan,Palawan,Region IV-B, 77 , 46.9 
Cagayancillo,Palawan,Region IV-B, 40 , 58.1 
Santa Rita,Pampanga,Region III," 1,572 ", 326.1 
Sasmuan ,Pampanga,Region III, 398 , 136.9 
Candaba,Pampanga,Region III," 2,449 ", 204.9 
City of San Fernando ,Pampanga,Region III," 19,053 ", 537.2 
Guagua,Pampanga,Region III," 4,748 ", 368.4 
Floridablanca,Pampanga,Region III," 3,741 ", 276.0 
Santo Tomas,Pampanga,Region III," 1,180 ", 275.4 
Santa Ana,Pampanga,Region III," 1,506 ", 244.7 
Minalin,Pampanga,Region III," 1,049 ", 216.8 
Lubao,Pampanga,Region III," 4,000 ", 230.5 
San Simon,Pampanga,Region III," 1,454 ", 245.7 
Angeles City,Pampanga,Region III," 21,125 ", 456.3 
Porac,Pampanga,Region III," 3,768 ", 267.7 
San Luis,Pampanga,Region III, 878 , 150.0 
Bacolor,Pampanga,Region III," 2,094 ", 435.7 
Mexico,Pampanga,Region III," 4,977 ", 287.0 
Mabalacat City,Pampanga,Region III," 13,114 ", 447.2 
Arayat,Pampanga,Region III," 2,537 ", 175.1 
Apalit,Pampanga,Region III," 2,855 ", 243.7 
Macabebe,Pampanga,Region III," 1,348 ", 172.5 
Magalang,Pampanga,Region III," 2,602 ", 209.5 
Masantol,Pampanga,Region III, 788 , 135.9 
Mapandan,Pangasinan,Region I, 643 , 169.0 
Sison,Pangasinan,Region I," 1,430 ", 273.3 
Malasiqui,Pangasinan,Region I," 2,640 ", 184.5 
Mangatarem,Pangasinan,Region I," 1,274 ", 160.6 
Mangaldan,Pangasinan,Region I," 2,085 ", 184.2 
San Nicolas,Pangasinan,Region I, 633 , 159.1 
Infanta,Pangasinan,Region I, 373 , 142.1 
Santo Tomas,Pangasinan,Region I, 242 , 162.7 
San Quintin,Pangasinan,Region I, 567 , 166.9 
Mabini,Pangasinan,Region I, 303 , 114.5 
Labrador,Pangasinan,Region I, 433 , 161.5 
Santa Maria,Pangasinan,Region I, 515 , 150.5 
San Jacinto,Pangasinan,Region I, 578 , 130.3 
Laoac,Pangasinan,Region I, 641 , 187.8 
Lingayen ,Pangasinan,Region I," 2,214 ", 205.5 
Santa Barbara,Pangasinan,Region I," 1,591 ", 172.6 
Sual,Pangasinan,Region I, 573 , 146.6 
Natividad,Pangasinan,Region I, 353 , 137.0 
Dasol,Pangasinan,Region I, 489 , 156.0 
San Manuel,Pangasinan,Region I, 708 , 130.5 
Binalonan,Pangasinan,Region I, 849 , 150.6 
Bani,Pangasinan,Region I, 928 , 176.4 
Basista,Pangasinan,Region I, 623 , 165.3 
Bautista,Pangasinan,Region I, 551 , 155.7 
Bayambang,Pangasinan,Region I," 1,767 ", 137.0 
San Fabian,Pangasinan,Region I," 1,299 ", 148.6 
Binmaley,Pangasinan,Region I," 1,589 ", 182.9 
Bolinao,Pangasinan,Region I," 1,028 ", 122.4 
Urbiztondo,Pangasinan,Region I, 493 , 88.7 
Bugallon,Pangasinan,Region I," 1,340 ", 178.8 
Burgos,Pangasinan,Region I, 336 , 141.5 
Asingan,Pangasinan,Region I," 1,017 ", 175.9 
Tayug,Pangasinan,Region I, 909 , 200.9 
Balungao,Pangasinan,Region I, 432 , 144.0 
Pozorrubio,Pangasinan,Region I," 1,135 ", 151.9 
Calasiao,Pangasinan,Region I," 2,677 ", 266.4 
Villasis,Pangasinan,Region I," 1,195 ", 183.7 
Dagupan City,Pangasinan,Region I," 7,815 ", 448.4 
Manaoag,Pangasinan,Region I," 1,487 ", 195.5 
City of Urdaneta,Pangasinan,Region I," 2,988 ", 206.7 
Agno,Pangasinan,Region I, 236 , 78.8 
Aguilar,Pangasinan,Region I, 904 , 200.4 
Anda,Pangasinan,Region I, 569 , 137.0 
Rosales,Pangasinan,Region I, 997 , 149.5 
City of Alaminos,Pangasinan,Region I," 1,974 ", 198.6 
Alcala,Pangasinan,Region I, 727 , 148.6 
San Carlos City,Pangasinan,Region I," 3,538 ", 172.2 
Umingan,Pangasinan,Region I," 1,091 ", 141.6 
Alabat,Quezon,Region IV-A, 326 , 204.6 
Atimonan,Quezon,Region IV-A, 818 , 127.3 
San Narciso,Quezon,Region IV-A, 196 , 38.4 
Agdangan,Quezon,Region IV-A, 212 , 166.1 
Macalelon,Quezon,Region IV-A, 267 , 97.8 
Unisan,Quezon,Region IV-A, 379 , 148.9 
Dolores,Quezon,Region IV-A, 645 , 198.4 
Lucban,Quezon,Region IV-A," 1,587 ", 298.9 
City of Tayabas,Quezon,Region IV-A," 3,752 ", 333.0 
Tagkawayan,Quezon,Region IV-A, 736 , 136.3 
General Luna,Quezon,Region IV-A, 199 , 80.2 
General Nakar,Quezon,Region IV-A, 228 , 66.6 
Guinayangan,Quezon,Region IV-A, 478 , 108.5 
Gumaca,Quezon,Region IV-A," 1,225 ", 170.3 
Catanauan,Quezon,Region IV-A, 736 , 101.2 
Infanta,Quezon,Region IV-A," 1,235 ", 162.1 
Candelaria,Quezon,Region IV-A," 3,280 ", 237.9 
Calauag,Quezon,Region IV-A, 989 , 137.7 
Jomalig,Quezon,Region IV-A, 22 , 28.7 
Tiaong,Quezon,Region IV-A," 1,833 ", 172.5 
Burdeos,Quezon,Region IV-A, 136 , 55.2 
Buenavista,Quezon,Region IV-A, 169 , 54.2 
Lopez,Quezon,Region IV-A," 1,249 ", 132.0 
Lucena City ,Quezon,Region IV-A," 10,449 ", 374.6 
Real,Quezon,Region IV-A, 472 , 122.0 
Sariaya,Quezon,Region IV-A," 3,524 ", 217.7 
Pagbilao,Quezon,Region IV-A," 2,156 ", 274.0 
San Antonio,Quezon,Region IV-A, 736 , 205.1 
Panukulan,Quezon,Region IV-A, 90 , 55.0 
San Andres,Quezon,Region IV-A, 75 , 20.0 
Padre Burgos,Quezon,Region IV-A, 218 , 92.8 
Sampaloc,Quezon,Region IV-A, 257 , 188.6 
Patnanungan,Quezon,Region IV-A, 32 , 21.3 
Mauban,Quezon,Region IV-A," 1,217 ", 171.2 
San Francisco ,Quezon,Region IV-A, 275 , 44.3 
Pitogo,Quezon,Region IV-A, 295 , 129.4 
Plaridel,Quezon,Region IV-A, 148 , 146.1 
Perez,Quezon,Region IV-A, 166 , 130.0 
Mulanay,Quezon,Region IV-A, 302 , 54.3 
Quezon,Quezon,Region IV-A, 334 , 210.2 
Polillo,Quezon,Region IV-A, 370 , 116.0 
Cabarroguis ,Quirino,Region II," 2,092 ", 623.9 
Saguday,Quirino,Region II," 1,169 ", 682.1 
Aglipay,Quirino,Region II," 1,176 ", 382.9 
Nagtipunan,Quirino,Region II, 729 , 287.0 
Maddela,Quirino,Region II," 1,869 ", 456.5 
Diffun,Quirino,Region II," 1,871 ", 333.5 
Cardona,Rizal,Region IV-A," 1,893 ", 377.5 
Rodriguez ,Rizal,Region IV-A," 13,635 ", 307.1 
City of Antipolo ,Rizal,Region IV-A," 44,845 ", 505.4 
Morong,Rizal,Region IV-A," 2,073 ", 291.4 
Taytay,Rizal,Region IV-A," 19,183 ", 496.4 
Teresa,Rizal,Region IV-A," 2,494 ", 389.2 
Cainta,Rizal,Region IV-A," 32,509 ", 862.5 
Angono,Rizal,Region IV-A," 7,059 ", 540.9 
Binangonan,Rizal,Region IV-A," 12,365 ", 394.3 
Jala-Jala,Rizal,Region IV-A, 595 , 174.9 
Pililla,Rizal,Region IV-A," 2,077 ", 290.3 
Baras,Rizal,Region IV-A," 2,209 ", 252.1 
San Mateo,Rizal,Region IV-A," 13,776 ", 504.1 
Tanay,Rizal,Region IV-A," 3,567 ", 255.8 
Corcuera,Romblon,Region IV-B, 21 , 20.8 
Ferrol,Romblon,Region IV-B, 101 , 126.2 
Concepcion,Romblon,Region IV-B, 122 , 342.6 
San Fernando,Romblon,Region IV-B, 505 , 208.9 
Odiongan,Romblon,Region IV-B," 1,424 ", 288.9 
Santa Fe,Romblon,Region IV-B, 216 , 121.3 
Looc,Romblon,Region IV-B, 608 , 278.9 
Calatrava,Romblon,Region IV-B, 144 , 127.0 
Santa Maria ,Romblon,Region IV-B, 257 , 285.9 
San Andres,Romblon,Region IV-B, 144 , 90.3 
Romblon ,Romblon,Region IV-B, 875 , 215.8 
San Jose,Romblon,Region IV-B, 170 , 144.6 
Cajidiocan,Romblon,Region IV-B, 208 , 89.4 
San Agustin,Romblon,Region IV-B, 309 , 128.1 
Alcantara,Romblon,Region IV-B, 273 , 159.0 
Magdiwang,Romblon,Region IV-B, 347 , 225.5 
Banton,Romblon,Region IV-B, 31 , 54.0 
Motiong,Samar,Region VIII, 110 , 72.0 
Santa Rita,Samar,Region VIII, 206 , 48.6 
Santo Niño,Samar,Region VIII, 28 , 22.4 
Villareal,Samar,Region VIII, 312 , 113.9 
Jiabong,Samar,Region VIII, 131 , 68.2 
Almagro,Samar,Region VIII, 53 , 57.2 
Pinabacdao,Samar,Region VIII, 135 , 74.4 
Tarangnan,Samar,Region VIII, 233 , 90.6 
Gandara,Samar,Region VIII, 304 , 86.3 
Calbiga,Samar,Region VIII, 296 , 127.0 
Paranas ,Samar,Region VIII, 369 , 114.0 
Daram,Samar,Region VIII, 118 , 28.4 
Pagsanghan,Samar,Region VIII, 67 , 84.2 
Tagapul-An,Samar,Region VIII, 55 , 62.5 
City of Catbalogan ,Samar,Region VIII," 2,274 ", 213.6 
Talalora,Samar,Region VIII, 36 , 45.8 
Calbayog City,Samar,Region VIII," 3,023 ", 161.7 
Hinabangan,Samar,Region VIII, 118 , 86.2 
Basey,Samar,Region VIII, 669 , 118.0 
Zumarraga,Samar,Region VIII, 121 , 74.3 
Marabut,Samar,Region VIII, 238 , 133.4 
Matuguinao,Samar,Region VIII, 13 , 17.7 
San Sebastian,Samar,Region VIII, 60 , 68.9 
Santa Margarita,Samar,Region VIII, 308 , 114.9 
San Jorge,Samar,Region VIII, 184 , 104.7 
San Jose De Buan,Samar,Region VIII, 74 , 95.3 
Kiamba,Sarangani,Region XII," 1,374 ", 208.9 
Maitum,Sarangani,Region XII," 1,108 ", 250.8 
Maasim,Sarangani,Region XII," 1,027 ", 158.1 
Malapatan,Sarangani,Region XII, 702 , 86.9 
Glan,Sarangani,Region XII," 1,316 ", 120.1 
Malungon,Sarangani,Region XII," 1,376 ", 130.5 
Alabel ,Sarangani,Region XII," 2,135 ", 241.8 
Enrique Villanueva,Siquijor,Region VII, 245 , 360.8 
Lazi,Siquijor,Region VII, 438 , 194.8 
San Juan,Siquijor,Region VII, 320 , 195.6 
Siquijor ,Siquijor,Region VII," 1,036 ", 358.3 
Maria,Siquijor,Region VII, 385 , 267.6 
Larena,Siquijor,Region VII, 616 , 426.2 
Donsol,Sorsogon,Region V, 358 , 71.2 
Juban,Sorsogon,Region V, 473 , 134.0 
Casiguran,Sorsogon,Region V, 354 , 99.4 
Barcelona,Sorsogon,Region V, 187 , 89.1 
Matnog,Sorsogon,Region V, 376 , 89.5 
City of Sorsogon ,Sorsogon,Region V," 4,079 ", 223.8 
Bulan,Sorsogon,Region V, 637 , 60.6 
Irosin,Sorsogon,Region V, 646 , 109.0 
Castilla,Sorsogon,Region V, 357 , 58.9 
Prieto Diaz,Sorsogon,Region V, 304 , 134.3 
Magallanes,Sorsogon,Region V, 276 , 73.8 
Santa Magdalena,Sorsogon,Region V, 112 , 65.5 
Pilar,Sorsogon,Region V, 379 , 50.0 
Gubat,Sorsogon,Region V, 698 , 115.8 
Bulusan,Sorsogon,Region V, 238 , 99.4 
Lake Sebu,South Cotabato,Region XII, 746 , 91.8 
Tupi,South Cotabato,Region XII," 1,464 ", 199.3 
Surallah,South Cotabato,Region XII," 2,048 ", 229.2 
City of Koronadal ,South Cotabato,Region XII," 8,589 ", 439.6 
Tantangan,South Cotabato,Region XII, 985 , 215.3 
Polomolok,South Cotabato,Region XII," 5,794 ", 335.7 
Norala,South Cotabato,Region XII," 1,134 ", 242.9 
Tampakan,South Cotabato,Region XII," 1,090 ", 265.7 
T'Boli,South Cotabato,Region XII," 1,182 ", 117.0 
General Santos City ,South Cotabato,Region XII," 19,311 ", 276.9 
Santo Niño,South Cotabato,Region XII, 755 , 189.7 
Banga,South Cotabato,Region XII," 1,753 ", 196.6 
San Juan ,Southern Leyte,Region VIII, 166 , 111.3 
San Francisco,Southern Leyte,Region VIII, 201 , 149.6 
Padre Burgos,Southern Leyte,Region VIII, 312 , 279.6 
Tomas Oppus,Southern Leyte,Region VIII, 235 , 138.3 
San Ricardo,Southern Leyte,Region VIII, 164 , 156.2 
Sogod,Southern Leyte,Region VIII, 677 , 142.4 
Macrohon,Southern Leyte,Region VIII, 650 , 244.5 
Malitbog,Southern Leyte,Region VIII, 256 , 110.1 
Liloan,Southern Leyte,Region VIII, 192 , 77.4 
Libagon,Southern Leyte,Region VIII, 166 , 108.9 
Bontoc,Southern Leyte,Region VIII, 318 , 106.7 
Anahawan,Southern Leyte,Region VIII, 121 , 143.6 
Limasawa,Southern Leyte,Region VIII, 68 , 109.8 
Saint Bernard,Southern Leyte,Region VIII, 390 , 137.3 
City of Maasin ,Southern Leyte,Region VIII," 1,862 ", 212.9 
Pintuyan,Southern Leyte,Region VIII, 242 , 237.2 
Hinundayan,Southern Leyte,Region VIII, 208 , 167.8 
Silago,Southern Leyte,Region VIII, 275 , 209.7 
Hinunangan,Southern Leyte,Region VIII, 364 , 124.9 
Sen. Ninoy Aquino,Sultan Kudarat,Region XII, 296 , 62.5 
Lutayan,Sultan Kudarat,Region XII, 245 , 37.3 
Kalamansig,Sultan Kudarat,Region XII, 544 , 106.9 
Lambayong ,Sultan Kudarat,Region XII," 1,200 ", 150.5 
President Quirino,Sultan Kudarat,Region XII, 485 , 114.8 
Palimbang,Sultan Kudarat,Region XII, 260 , 28.0 
Isulan ,Sultan Kudarat,Region XII," 1,737 ", 178.2 
Bagumbayan,Sultan Kudarat,Region XII, 597 , 86.6 
Columbio,Sultan Kudarat,Region XII, 270 , 80.5 
City of Tacurong,Sultan Kudarat,Region XII," 3,203 ", 293.0 
Esperanza,Sultan Kudarat,Region XII, 865 , 115.8 
Lebak,Sultan Kudarat,Region XII, 905 , 99.1 
Old Panamao,Sulu,Autonomous Region in Muslim Mindanao, 17 , 3.4 
Indanan,Sulu,Autonomous Region in Muslim Mindanao, 224 , 24.0 
Omar,Sulu,Autonomous Region in Muslim Mindanao, 10 , 3.6 
Maimbung,Sulu,Autonomous Region in Muslim Mindanao, 54 , 9.1 
Panglima Estino ,Sulu,Autonomous Region in Muslim Mindanao, 8 , 2.3 
Jolo ,Sulu,Autonomous Region in Muslim Mindanao, 911 , 66.4 
Parang,Sulu,Autonomous Region in Muslim Mindanao, 49 , 6.9 
Pangutaran,Sulu,Autonomous Region in Muslim Mindanao, 41 , 11.3 
Luuk,Sulu,Autonomous Region in Muslim Mindanao, 27 , 7.1 
Pata,Sulu,Autonomous Region in Muslim Mindanao, 8 , 3.2 
Patikul,Sulu,Autonomous Region in Muslim Mindanao, 217 , 27.3 
Pandami,Sulu,Autonomous Region in Muslim Mindanao, 7 , 2.1 
Siasi,Sulu,Autonomous Region in Muslim Mindanao, 69 , 8.4 
Hadji Panglima Tahil ,Sulu,Autonomous Region in Muslim Mindanao, 4 , 5.1 
Kalingalan Caluang,Sulu,Autonomous Region in Muslim Mindanao, 16 , 4.0 
Talipao,Sulu,Autonomous Region in Muslim Mindanao, 52 , 5.2 
Tongkil,Sulu,Autonomous Region in Muslim Mindanao, 12 , 3.4 
Lugus,Sulu,Autonomous Region in Muslim Mindanao, 6 , 2.1 
Tapul,Sulu,Autonomous Region in Muslim Mindanao, 3 , 1.4 
Claver,Surigao Del Norte,Region XIII, 953 , 264.5 
Surigao City ,Surigao Del Norte,Region XIII," 3,284 ", 191.9 
Tagana-An,Surigao Del Norte,Region XIII, 145 , 83.7 
San Benito,Surigao Del Norte,Region XIII, 46 , 81.2 
Alegria,Surigao Del Norte,Region XIII, 142 , 87.7 
San Francisco ,Surigao Del Norte,Region XIII, 180 , 117.3 
Gigaquit,Surigao Del Norte,Region XIII, 217 , 99.3 
Pilar,Surigao Del Norte,Region XIII, 117 , 112.8 
General Luna,Surigao Del Norte,Region XIII, 339 , 148.3 
Bacuag,Surigao Del Norte,Region XIII, 201 , 135.1 
Placer,Surigao Del Norte,Region XIII, 355 , 119.9 
Sison,Surigao Del Norte,Region XIII, 177 , 123.9 
Socorro,Surigao Del Norte,Region XIII, 172 , 66.3 
San Isidro,Surigao Del Norte,Region XIII, 57 , 66.9 
Burgos,Surigao Del Norte,Region XIII, 84 , 200.7 
Malimono,Surigao Del Norte,Region XIII, 397 , 210.6 
Santa Monica ,Surigao Del Norte,Region XIII, 64 , 67.9 
Del Carmen,Surigao Del Norte,Region XIII, 148 , 73.5 
Dapa,Surigao Del Norte,Region XIII, 311 , 107.2 
Tubod,Surigao Del Norte,Region XIII, 184 , 122.3 
Mainit,Surigao Del Norte,Region XIII, 180 , 64.2 
San Miguel,Surigao Del Sur,Region XIII, 840 , 200.9 
Cagwait,Surigao Del Sur,Region XIII, 384 , 176.6 
Lingig,Surigao Del Sur,Region XIII, 347 , 98.7 
Carrascal,Surigao Del Sur,Region XIII, 710 , 288.8 
Carmen,Surigao Del Sur,Region XIII, 771 , 657.8 
City of Bislig,Surigao Del Sur,Region XIII," 3,042 ", 306.4 
Hinatuan,Surigao Del Sur,Region XIII, 496 , 113.1 
City of Tandag ,Surigao Del Sur,Region XIII," 2,407 ", 384.1 
Tago,Surigao Del Sur,Region XIII, 736 , 184.8 
Tagbina,Surigao Del Sur,Region XIII, 503 , 122.5 
San Agustin,Surigao Del Sur,Region XIII, 357 , 156.2 
Barobo,Surigao Del Sur,Region XIII, 932 , 175.4 
Marihatag,Surigao Del Sur,Region XIII, 298 , 153.3 
Bayabas,Surigao Del Sur,Region XIII, 483 , 537.9 
Lianga,Surigao Del Sur,Region XIII, 698 , 206.1 
Cantilan,Surigao Del Sur,Region XIII, 992 , 291.3 
Lanuza,Surigao Del Sur,Region XIII, 619 , 453.7 
Madrid,Surigao Del Sur,Region XIII, 664 , 398.7 
Cortes,Surigao Del Sur,Region XIII, 324 , 180.8 
Bamban,Tarlac,Region III," 1,479 ", 189.0 
Paniqui,Tarlac,Region III," 1,973 ", 191.5 
Camiling,Tarlac,Region III," 1,989 ", 227.8 
Pura,Tarlac,Region III, 851 , 330.1 
Anao,Tarlac,Region III, 241 , 197.4 
Victoria,Tarlac,Region III," 1,446 ", 208.4 
Ramos,Tarlac,Region III, 323 , 141.2 
Capas,Tarlac,Region III," 3,791 ", 242.9 
La Paz,Tarlac,Region III," 1,026 ", 148.8 
San Manuel,Tarlac,Region III, 283 , 99.7 
Concepcion,Tarlac,Region III," 2,608 ", 153.5 
San Clemente,Tarlac,Region III, 360 , 273.1 
Moncada,Tarlac,Region III, 972 , 154.7 
City of Tarlac ,Tarlac,Region III," 12,900 ", 334.7 
Gerona,Tarlac,Region III," 1,858 ", 196.6 
Mayantoc,Tarlac,Region III, 529 , 162.3 
San Jose,Tarlac,Region III, 420 , 102.0 
Santa Ignacia,Tarlac,Region III, 884 , 171.2 
Sitangkai,Tawi-Tawi,Autonomous Region in Muslim Mindanao, 24 , 6.4 
Mapun ,Tawi-Tawi,Autonomous Region in Muslim Mindanao, 3 , 1.0 
Simunul,Tawi-Tawi,Autonomous Region in Muslim Mindanao, 55 , 16.1 
Turtle Islands,Tawi-Tawi,Autonomous Region in Muslim Mindanao, 6 , 10.6 
Sapa-Sapa,Tawi-Tawi,Autonomous Region in Muslim Mindanao, 19 , 5.7 
Languyan,Tawi-Tawi,Autonomous Region in Muslim Mindanao, 24 , 6.5 
Bongao ,Tawi-Tawi,Autonomous Region in Muslim Mindanao, 536 , 46.2 
Sibutu,Tawi-Tawi,Autonomous Region in Muslim Mindanao, 53 , 15.5 
South Ubian,Tawi-Tawi,Autonomous Region in Muslim Mindanao, 6 , 2.0 
Tandubas,Tawi-Tawi,Autonomous Region in Muslim Mindanao, 9 , 2.6 
Panglima Sugala ,Tawi-Tawi,Autonomous Region in Muslim Mindanao, 46 , 9.6 
Candelaria,Zambales,Region III, 731 , 241.5 
Olongapo City,Zambales,Region III," 9,620 ", 369.5 
Botolan,Zambales,Region III," 1,391 ", 208.4 
Santa Cruz,Zambales,Region III, 899 , 140.8 
Masinloc,Zambales,Region III," 1,270 ", 232.9 
Iba ,Zambales,Region III," 1,919 ", 345.3 
Castillejos,Zambales,Region III," 1,387 ", 204.3 
Subic,Zambales,Region III," 2,177 ", 194.5 
San Narciso,Zambales,Region III, 995 , 323.5 
Cabangan,Zambales,Region III, 383 , 136.2 
San Felipe,Zambales,Region III, 518 , 206.9 
San Marcelino,Zambales,Region III, 906 , 240.2 
Palauig,Zambales,Region III, 933 , 234.5 
San Antonio,Zambales,Region III, 855 , 228.3 
Ipil ,Zamboanga Sibugay,Region IX," 1,699 ", 190.0 
Alicia,Zamboanga Sibugay,Region IX, 293 , 74.3 
Malangas,Zamboanga Sibugay,Region IX, 341 , 106.5 
Imelda,Zamboanga Sibugay,Region IX, 422 , 162.2 
Kabasalan,Zamboanga Sibugay,Region IX, 296 , 63.1 
Siay,Zamboanga Sibugay,Region IX, 456 , 112.4 
Tungawan,Zamboanga Sibugay,Region IX, 287 , 61.7 
Roseller Lim,Zamboanga Sibugay,Region IX, 198 , 45.4 
Talusan,Zamboanga Sibugay,Region IX, 58 , 20.8 
Olutanga,Zamboanga Sibugay,Region IX, 112 , 29.1 
Naga,Zamboanga Sibugay,Region IX, 234 , 56.1 
Mabuhay,Zamboanga Sibugay,Region IX, 103 , 27.5 
Titay,Zamboanga Sibugay,Region IX, 491 , 90.9 
Buug,Zamboanga Sibugay,Region IX, 512 , 133.2 
Payao,Zamboanga Sibugay,Region IX, 104 , 29.8 
Diplahan,Zamboanga Sibugay,Region IX, 273 , 83.8 
Jose Dalman ,Zamboanga Del Norte,Region IX, 450 , 155.8 
Pres. Manuel A. Roxas,Zamboanga Del Norte,Region IX, 407 , 103.8 
Dipolog City ,Zamboanga Del Norte,Region IX," 3,475 ", 251.6 
Sergio Osmeña Sr.,Zamboanga Del Norte,Region IX, 98 , 30.7 
Kalawit,Zamboanga Del Norte,Region IX, 384 , 161.3 
Bacungan ,Zamboanga Del Norte,Region IX, 218 , 78.9 
Katipunan,Zamboanga Del Norte,Region IX, 331 , 74.1 
Siayan,Zamboanga Del Norte,Region IX, 359 , 99.1 
Mutia,Zamboanga Del Norte,Region IX, 148 , 126.2 
Gutalac,Zamboanga Del Norte,Region IX, 166 , 46.0 
Piñan ,Zamboanga Del Norte,Region IX, 408 , 201.8 
Baliguian,Zamboanga Del Norte,Region IX, 118 , 49.6 
Tampilisan,Zamboanga Del Norte,Region IX, 255 , 103.3 
Rizal,Zamboanga Del Norte,Region IX, 360 , 239.2 
Sibuco,Zamboanga Del Norte,Region IX, 212 , 58.8 
Sirawai,Zamboanga Del Norte,Region IX, 106 , 34.0 
La Libertad,Zamboanga Del Norte,Region IX, 163 , 200.8 
Sibutad,Zamboanga Del Norte,Region IX, 245 , 140.4 
Liloy,Zamboanga Del Norte,Region IX, 619 , 146.6 
Salug,Zamboanga Del Norte,Region IX, 345 , 107.4 
Godod,Zamboanga Del Norte,Region IX, 160 , 91.4 
Labason,Zamboanga Del Norte,Region IX, 375 , 85.4 
Dapitan City,Zamboanga Del Norte,Region IX," 1,547 ", 181.6 
Sindangan,Zamboanga Del Norte,Region IX, 657 , 63.2 
Siocon,Zamboanga Del Norte,Region IX, 806 , 166.1 
Manukan,Zamboanga Del Norte,Region IX, 312 , 84.6 
Polanco,Zamboanga Del Norte,Region IX, 692 , 163.7 
Lakewood,Zamboanga Del Sur,Region IX, 277 , 128.5 
Bayog,Zamboanga Del Sur,Region IX, 223 , 64.6 
Josefina,Zamboanga Del Sur,Region IX, 106 , 86.8 
Dimataling,Zamboanga Del Sur,Region IX, 164 , 52.3 
Tigbao,Zamboanga Del Sur,Region IX, 339 , 156.4 
Ramon Magsaysay ,Zamboanga Del Sur,Region IX, 407 , 149.2 
Kumalarang,Zamboanga Del Sur,Region IX, 259 , 87.9 
Zamboanga City,Zamboanga Del Sur,Region IX," 33,229 ", 340.0 
Dinas,Zamboanga Del Sur,Region IX, 270 , 74.4 
Vincenzo A. Sagun,Zamboanga Del Sur,Region IX, 498 , 200.4 
Pagadian City ,Zamboanga Del Sur,Region IX," 6,430 ", 305.5 
San Miguel,Zamboanga Del Sur,Region IX, 270 , 136.1 
Labangan,Zamboanga Del Sur,Region IX," 1,109 ", 250.6 
Molave,Zamboanga Del Sur,Region IX, 807 , 151.9 
Guipos,Zamboanga Del Sur,Region IX, 356 , 163.8 
Mahayag,Zamboanga Del Sur,Region IX, 364 , 75.4 
Lapuyan,Zamboanga Del Sur,Region IX, 403 , 145.3 
Tabina,Zamboanga Del Sur,Region IX, 139 , 54.0 
Midsalip,Zamboanga Del Sur,Region IX, 218 , 64.7 
Tukuran,Zamboanga Del Sur,Region IX, 611 , 144.0 
Tambulig,Zamboanga Del Sur,Region IX, 511 , 136.3 
Sominot ,Zamboanga Del Sur,Region IX, 164 , 86.0 
Dumalinao,Zamboanga Del Sur,Region IX, 300 , 91.1 
Pitogo,Zamboanga Del Sur,Region IX, 144 , 52.3 
Aurora,Zamboanga Del Sur,Region IX, 670 , 126.4 
San Pablo,Zamboanga Del Sur,Region IX, 139 , 52.2 
Dumingag,Zamboanga Del Sur,Region IX, 328 , 67.1 
Margosatubig,Zamboanga Del Sur,Region IX, 715 , 184.9 